player_id,season,player_name,team_id,coach_id
1,2019,Royce O'Neale,1610612762,24
2,2019,Bojan Bogdanovic,1610612762,24
3,2019,Rudy Gobert,1610612762,24
4,2019,Donovan Mitchell,1610612762,24
5,2019,Mike Conley,1610612762,24
6,2019,Joe Ingles,1610612762,24
7,2019,Ed Davis,1610612762,24
8,2019,Jeff Green,1610612762,24
9,2019,Dante Exum,1610612762,24
10,2019,Emmanuel Mudiay,1610612762,24
11,2019,Georges Niang,1610612762,24
12,2019,Tony Bradley,1610612762,24
13,2019,Nigel Williams-Goss,1610612762,24
14,2019,Tobias Harris,1610612755,17
15,2019,Al Horford,1610612755,17
16,2019,Joel Embiid,1610612755,17
17,2019,Furkan Korkmaz,1610612755,17
18,2019,Ben Simmons,1610612755,17
19,2019,James Ennis III,1610612755,17
20,2019,Mike Scott,1610612755,17
21,2019,Raul Neto,1610612755,17
22,2019,Matisse Thybulle,1610612755,17
23,2019,Shake Milton,1610612755,17
24,2019,Kyle O'Quinn,1610612755,17
25,2019,Norvel Pelle,1610612755,17
26,2019,Kevin Knox II,1610612752,14
27,2019,Julius Randle,1610612752,14
28,2019,Taj Gibson,1610612752,14
29,2019,RJ Barrett,1610612752,14
30,2019,Dennis Smith Jr.,1610612752,14
31,2019,Wayne Ellington,1610612752,14
32,2019,Mitchell Robinson,1610612752,14
33,2019,Damyean Dotson,1610612752,14
34,2019,Bobby Portis,1610612752,14
35,2019,Allonzo Trier,1610612752,14
36,2019,Ignas Brazdeikis,1610612752,14
37,2019,Kadeem Allen,1610612752,14
38,2019,Khris Middleton,1610612749,11
39,2019,Giannis Antetokounmpo,1610612749,11
40,2019,Robin Lopez,1610612749,11
41,2019,Wesley Matthews,1610612749,11
42,2019,Eric Bledsoe,1610612749,11
43,2019,Donte DiVincenzo,1610612749,11
44,2019,Ersan Ilyasova,1610612749,11
45,2019,Pat Connaughton,1610612749,11
46,2019,George Hill,1610612749,11
47,2019,D.J. Wilson,1610612749,11
48,2019,Kyle Korver,1610612749,11
49,2019,Dragan Bender,1610612749,11
50,2019,Thanasis Antetokounmpo,1610612749,11
51,2019,Kris Dunn,1610612741,4
52,2019,Lauri Markkanen,1610612741,4
53,2019,Wendell Carter Jr.,1610612741,4
54,2019,Zach LaVine,1610612741,4
55,2019,Tomas Satoransky,1610612741,4
56,2019,Coby White,1610612741,4
57,2019,Thaddeus Young,1610612741,4
58,2019,Ryan Arcidiacono,1610612741,4
59,2019,Denzel Valentine,1610612741,4
60,2019,Daniel Gafford,1610612741,4
61,2019,Shaquille Harrison,1610612741,4
62,2019,Luke Kornet,1610612741,4
63,2019,Max Strus,1610612741,4
64,2019,Harrison Barnes,1610612758,20
65,2019,Nemanja Bjelica,1610612758,20
66,2019,Richaun Holmes,1610612758,20
67,2019,Buddy Hield,1610612758,20
68,2019,Cory Joseph,1610612758,20
69,2019,Bogdan Bogdanovic,1610612758,20
70,2019,Justin James,1610612758,20
71,2019,Trevor Ariza,1610612758,20
72,2019,Dewayne Dedmon,1610612758,20
73,2019,Yogi Ferrell,1610612758,20
74,2019,Harry Giles III,1610612758,20
75,2019,Kyle Guy,1610612758,20
76,2019,Caleb Swanigan,1610612758,20
77,2019,Kelly Oubre Jr.,1610612756,18
78,2019,Dario Saric,1610612756,18
79,2019,Frank Kaminsky,1610612756,18
80,2019,Devin Booker,1610612756,18
81,2019,Ricky Rubio,1610612756,18
82,2019,Mikal Bridges,1610612756,18
83,2019,Ty Jerome,1610612756,18
84,2019,Cameron Johnson,1610612756,18
85,2019,Jevon Carter,1610612756,18
86,2019,Aron Baynes,1610612756,18
87,2019,Tyler Johnson,1610612756,18
88,2019,Elie Okobo,1610612756,18
89,2019,Miles Bridges,1610612766,28
90,2019,P.J. Washington,1610612766,28
91,2019,Bismack Biyombo,1610612766,28
92,2019,Devonte' Graham,1610612766,28
93,2019,Terry Rozier,1610612766,28
94,2019,Nicolas Batum,1610612766,28
95,2019,Cody Zeller,1610612766,28
96,2019,Marvin Williams,1610612766,28
97,2019,Malik Monk,1610612766,28
98,2019,Dwayne Bacon,1610612766,28
99,2019,Willy Hernangomez,1610612766,28
100,2019,Michael Kidd-Gilchrist,1610612766,28
101,2019,T.J. Warren,1610612754,16
102,2019,Domantas Sabonis,1610612754,16
103,2019,Myles Turner,1610612754,16
104,2019,Jeremy Lamb,1610612754,16
105,2019,Malcolm Brogdon,1610612754,16
106,2019,Justin Holiday,1610612754,16
107,2019,Aaron Holiday,1610612754,16
108,2019,T.J. McConnell,1610612754,16
109,2019,Doug McDermott,1610612754,16
110,2019,Goga Bitadze,1610612754,16
111,2019,Alize Johnson,1610612754,16
112,2019,TJ Leaf,1610612754,16
113,2019,Solomon Hill,1610612763,25
114,2019,Jae Crowder,1610612763,25
115,2019,Jaren Jackson Jr.,1610612763,25
116,2019,Dillon Brooks,1610612763,25
117,2019,Tyus Jones,1610612763,25
118,2019,De'Anthony Melton,1610612763,25
119,2019,Grayson Allen,1610612763,25
120,2019,Bruno Caboclo,1610612763,25
121,2019,Marko Guduric,1610612763,25
122,2019,Kyle Anderson,1610612763,25
123,2019,Brandon Clarke,1610612763,25
124,2019,Jonas Valanciunas,1610612763,25
125,2019,Yuta Watanabe,1610612763,25
126,2019,Eric Paschall,1610612744,30
127,2019,Kevon Looney,1610612744,30
128,2019,Willie Cauley-Stein,1610612744,30
129,2019,Glenn Robinson III,1610612744,30
130,2019,Alec Burks,1610612744,30
131,2019,Ky Bowman,1610612744,30
132,2019,Marquese Chriss,1610612744,30
133,2019,Jordan Poole,1610612744,30
134,2019,Omari Spellman,1610612744,30
135,2019,Jacob Evans,1610612744,30
136,2019,Draymond Green,1610612744,30
137,2019,De'Andre Hunter,1610612737,1
138,2019,Jabari Parker,1610612737,1
139,2019,Damian Jones,1610612737,1
140,2019,DeAndre' Bembry,1610612737,1
141,2019,Trae Young,1610612737,1
142,2019,Vince Carter,1610612737,1
143,2019,Alex Len,1610612737,1
144,2019,Cam Reddish,1610612737,1
145,2019,Evan Turner,1610612737,1
146,2019,Tyrone Wallace,1610612737,1
147,2019,Bruno Fernando,1610612737,1
148,2019,Brandon Goodwin,1610612737,1
149,2019,Chandler Parsons,1610612737,1
150,2019,Jimmy Butler,1610612748,10
151,2019,Bam Adebayo,1610612748,10
152,2019,Meyers Leonard,1610612748,10
153,2019,Duncan Robinson,1610612748,10
154,2019,Kendrick Nunn,1610612748,10
155,2019,Goran Dragic,1610612748,10
156,2019,Justise Winslow,1610612748,10
157,2019,Chris Silva,1610612748,10
158,2019,Tyler Herro,1610612748,10
159,2019,Kelly Olynyk,1610612748,10
160,2019,Derrick Jones Jr.,1610612748,10
161,2019,Udonis Haslem,1610612748,10
162,2019,James Johnson,1610612748,10
163,2019,Joe Harris,1610612751,13
164,2019,Taurean Prince,1610612751,13
165,2019,Jarrett Allen,1610612751,13
166,2019,Garrett Temple,1610612751,13
167,2019,Spencer Dinwiddie,1610612751,13
168,2019,Dzanan Musa,1610612751,13
169,2019,DeAndre Jordan,1610612751,13
170,2019,Iman Shumpert,1610612751,13
171,2019,David Nwaba,1610612751,13
172,2019,Theo Pinson,1610612751,13
173,2019,Nicolas Claxton,1610612751,13
174,2019,Treveon Graham,1610612750,12
175,2019,Robert Covington,1610612750,12
176,2019,Karl-Anthony Towns,1610612750,12
177,2019,Jarrett Culver,1610612750,12
178,2019,Andrew Wiggins,1610612750,12
179,2019,Jeff Teague,1610612750,12
180,2019,Josh Okogie,1610612750,12
181,2019,Shabazz Napier,1610612750,12
182,2019,Keita Bates-Diop,1610612750,12
183,2019,Gorgui Dieng,1610612750,12
184,2019,Jordan Bell,1610612750,12
185,2019,Naz Reid,1610612750,12
186,2019,Noah Vonleh,1610612750,12
187,2019,Dorian Finney-Smith,1610612742,5
188,2019,Kristaps Porzingis,1610612742,5
189,2019,Dwight Powell,1610612742,5
190,2019,Tim Hardaway Jr.,1610612742,5
191,2019,Luka Doncic,1610612742,5
192,2019,Delon Wright,1610612742,5
193,2019,Seth Curry,1610612742,5
194,2019,Maxi Kleber,1610612742,5
195,2019,Jalen Brunson,1610612742,5
196,2019,Justin Jackson,1610612742,5
197,2019,Boban Marjanovic,1610612742,5
198,2019,J.J. Barea,1610612742,5
199,2019,Courtney Lee,1610612742,5
200,2019,LeBron James,1610612747,9
201,2019,Anthony Davis,1610612747,9
202,2019,JaVale McGee,1610612747,9
203,2019,Danny Green,1610612747,9
204,2019,Kentavious Caldwell-Pope,1610612747,9
205,2019,Kyle Kuzma,1610612747,9
206,2019,Alex Caruso,1610612747,9
207,2019,Rajon Rondo,1610612747,9
208,2019,Troy Daniels,1610612747,9
209,2019,Dwight Howard,1610612747,9
210,2019,Jared Dudley,1610612747,9
211,2019,Quinn Cook,1610612747,9
212,2019,DeMar DeRozan,1610612759,21
213,2019,Rudy Gay,1610612759,21
214,2019,Jakob Poeltl,1610612759,21
215,2019,Derrick White,1610612759,21
216,2019,Bryn Forbes,1610612759,21
217,2019,Dejounte Murray,1610612759,21
218,2019,Patty Mills,1610612759,21
219,2019,Trey Lyles,1610612759,21
220,2019,Drew Eubanks,1610612759,21
221,2019,Marco Belinelli,1610612759,21
222,2019,Lonnie Walker IV,1610612759,21
223,2019,DeMarre Carroll,1610612759,21
224,2019,Chimezie Metu,1610612759,21
225,2019,Tony Snell,1610612765,27
226,2019,Blake Griffin,1610612765,27
227,2019,Andre Drummond,1610612765,27
228,2019,Luke Kennard,1610612765,27
229,2019,Bruce Brown,1610612765,27
230,2019,Langston Galloway,1610612765,27
231,2019,Derrick Rose,1610612765,27
232,2019,Markieff Morris,1610612765,27
233,2019,Svi Mykhailiuk,1610612765,27
234,2019,Christian Wood,1610612765,27
235,2019,Thon Maker,1610612765,27
236,2019,Tim Frazier,1610612765,27
237,2019,Sekou Doumbouya,1610612765,27
238,2019,Terrance Ferguson,1610612760,22
239,2019,Danilo Gallinari,1610612760,22
240,2019,Steven Adams,1610612760,22
241,2019,Shai Gilgeous-Alexander,1610612760,22
242,2019,Chris Paul,1610612760,22
243,2019,Nerlens Noel,1610612760,22
244,2019,Dennis Schroder,1610612760,22
245,2019,Abdel Nader,1610612760,22
246,2019,Darius Bazley,1610612760,22
247,2019,Deonte Burton,1610612760,22
248,2019,Devon Hall,1610612760,22
249,2019,Mike Muscala,1610612760,22
250,2019,Jrue Holiday,1610612740,3
251,2019,Brandon Ingram,1610612740,3
252,2019,Jahlil Okafor,1610612740,3
253,2019,JJ Redick,1610612740,3
254,2019,Lonzo Ball,1610612740,3
255,2019,Jaxson Hayes,1610612740,3
256,2019,Josh Hart,1610612740,3
257,2019,E'Twaun Moore,1610612740,3
258,2019,Nicolo Melli,1610612740,3
259,2019,Nickeil Alexander-Walker,1610612740,3
260,2019,Derrick Favors,1610612740,3
261,2019,Frank Jackson,1610612740,3
262,2019,Kenrich Williams,1610612740,3
263,2019,Jonathan Isaac,1610612753,15
264,2019,Aaron Gordon,1610612753,15
265,2019,Khem Birch,1610612753,15
266,2019,Evan Fournier,1610612753,15
267,2019,Markelle Fultz,1610612753,15
268,2019,Wes Iwundu,1610612753,15
269,2019,D.J. Augustin,1610612753,15
270,2019,Mo Bamba,1610612753,15
271,2019,Terrence Ross,1610612753,15
272,2019,Melvin Frazier Jr.,1610612753,15
273,2019,Amile Jefferson,1610612753,15
274,2019,Josh Magette,1610612753,15
275,2019,OG Anunoby,1610612761,23
276,2019,Pascal Siakam,1610612761,23
277,2019,Marc Gasol,1610612761,23
278,2019,Norman Powell,1610612761,23
279,2019,Fred VanVleet,1610612761,23
280,2019,Serge Ibaka,1610612761,23
281,2019,Rondae Hollis-Jefferson,1610612761,23
282,2019,Terence Davis,1610612761,23
283,2019,Chris Boucher,1610612761,23
284,2019,Oshae Brissett,1610612761,23
285,2019,Malcolm Miller,1610612761,23
286,2019,Dewan Hernandez,1610612761,23
287,2019,Shamorie Ponds,1610612761,23
288,2019,Troy Brown Jr.,1610612764,26
289,2019,Rui Hachimura,1610612764,26
290,2019,Thomas Bryant,1610612764,26
291,2019,Bradley Beal,1610612764,26
292,2019,Isaiah Thomas,1610612764,26
293,2019,Davis Bertans,1610612764,26
294,2019,Ish Smith,1610612764,26
295,2019,Jordan McRae,1610612764,26
296,2019,Isaac Bonga,1610612764,26
297,2019,Chris Chiozza,1610612764,26
298,2019,Ian Mahinmi,1610612764,26
299,2019,Moritz Wagner,1610612764,26
300,2019,Kawhi Leonard,1610612746,8
301,2019,Maurice Harkless,1610612746,8
302,2019,Ivica Zubac,1610612746,8
303,2019,Paul George,1610612746,8
304,2019,Patrick Beverley,1610612746,8
305,2019,Lou Williams,1610612746,8
306,2019,Montrezl Harrell,1610612746,8
307,2019,JaMychal Green,1610612746,8
308,2019,Jerome Robinson,1610612746,8
309,2019,Terance Mann,1610612746,8
310,2019,Patrick Patterson,1610612746,8
311,2019,Derrick Walton Jr.,1610612746,8
312,2019,Mfiondu Kabengele,1610612746,8
313,2019,Jaylen Brown,1610612738,2
314,2019,Jayson Tatum,1610612738,2
315,2019,Daniel Theis,1610612738,2
316,2019,Marcus Smart,1610612738,2
317,2019,Kemba Walker,1610612738,2
318,2019,Enes Kanter,1610612738,2
319,2019,Grant Williams,1610612738,2
320,2019,Javonte Green,1610612738,2
321,2019,Brad Wanamaker,1610612738,2
322,2019,Robert Williams III,1610612738,2
323,2019,Semi Ojeleye,1610612738,2
324,2019,Carsen Edwards,1610612738,2
325,2019,Vincent Poirier,1610612738,2
326,2019,Frank Ntilikina,1610612752,14
327,2019,Marcus Morris Sr.,1610612752,14
328,2019,Allen Crabbe,1610612737,1
329,2019,Ben McLemore,1610612745,7
330,2019,P.J. Tucker,1610612745,7
331,2019,Tyson Chandler,1610612745,7
332,2019,James Harden,1610612745,7
333,2019,Russell Westbrook,1610612745,7
334,2019,Isaiah Hartenstein,1610612745,7
335,2019,Austin Rivers,1610612745,7
336,2019,Gary Clark,1610612745,7
337,2019,Thabo Sefolosha,1610612745,7
338,2019,Chris Clemons,1610612745,7
339,2019,Clint Capela,1610612745,7
340,2019,Frank Mason,1610612749,11
341,2019,Will Barton,1610612743,6
342,2019,Paul Millsap,1610612743,6
343,2019,Nikola Jokic,1610612743,6
344,2019,Gary Harris,1610612743,6
345,2019,Jamal Murray,1610612743,6
346,2019,Jerami Grant,1610612743,6
347,2019,Juancho Hernangomez,1610612743,6
348,2019,Monte Morris,1610612743,6
349,2019,Mason Plumlee,1610612743,6
350,2019,Malik Beasley,1610612743,6
351,2019,Torrey Craig,1610612743,6
352,2019,Michael Porter Jr.,1610612743,6
353,2019,Wenyen Gabriel,1610612758,20
354,2019,Trey Burke,1610612755,17
355,2019,Zhaire Smith,1610612755,17
356,2019,Miye Oni,1610612762,24
357,2019,Ja Morant,1610612763,25
358,2019,Rodney Hood,1610612757,19
359,2019,Carmelo Anthony,1610612757,19
360,2019,Hassan Whiteside,1610612757,19
361,2019,CJ McCollum,1610612757,19
362,2019,Damian Lillard,1610612757,19
363,2019,Nassir Little,1610612757,19
364,2019,Anfernee Simons,1610612757,19
365,2019,Skal Labissiere,1610612757,19
366,2019,Kent Bazemore,1610612757,19
367,2019,Moses Brown,1610612757,19
368,2019,Mario Hezonja,1610612757,19
369,2019,Jaylen Hoard,1610612757,19
370,2019,Anthony Tolliver,1610612757,19
371,2019,Cheick Diallo,1610612756,18
372,2019,Rodney McGruder,1610612746,8
373,2019,LaMarcus Aldridge,1610612759,21
374,2019,Brook Lopez,1610612749,11
375,2019,Cedi Osman,1610612739,29
376,2019,Kevin Love,1610612739,29
377,2019,Tristan Thompson,1610612739,29
378,2019,Collin Sexton,1610612739,29
379,2019,Darius Garland,1610612739,29
380,2019,Larry Nance Jr.,1610612739,29
381,2019,Kevin Porter Jr.,1610612739,29
382,2019,Jordan Clarkson,1610612739,29
383,2019,Alfonzo McKinnie,1610612739,29
384,2019,Matthew Dellavedova,1610612739,29
385,2019,Ante Zizic,1610612739,29
386,2019,Brandon Knight,1610612739,29
387,2019,Marial Shayok,1610612755,17
388,2019,Al-Farouq Aminu,1610612753,15
389,2019,Henry Ellenson,1610612751,13
390,2019,Timothe Luwawu-Cabarrot,1610612751,13
391,2019,Chandler Hutchison,1610612741,4
392,2019,D'Angelo Russell,1610612744,30
393,2019,Justin Patton,1610612760,22
394,2019,Kelan Martin,1610612750,12
395,2019,Sterling Brown,1610612749,11
396,2019,Cody Martin,1610612766,28
397,2019,Danuel House Jr.,1610612745,7
398,2019,Josh Richardson,1610612755,17
399,2019,Jonah Bolden,1610612755,17
400,2019,Juwan Morgan,1610612762,24
401,2019,BJ Johnson,1610612753,15
402,2019,Rodions Kurucs,1610612751,13
403,2019,CJ Miles,1610612764,26
404,2019,Tremont Waters,1610612738,2
405,2019,Jaylen Nowell,1610612750,12
406,2019,Admiral Schofield,1610612764,26
407,2019,Justin Robinson,1610612764,26
408,2019,Deandre Ayton,1610612756,18
409,2019,Jordan Bone,1610612765,27
410,2019,Gary Trent Jr.,1610612757,19
411,2019,Keldon Johnson,1610612759,21
412,2019,Matt Thomas,1610612761,23
413,2019,Naz Mitrou-Long,1610612754,16
414,2019,Hamidou Diallo,1610612760,22
415,2019,Dean Wade,1610612739,29
416,2019,Ryan Broekhoff,1610612742,5
417,2019,DaQuan Jeffries,1610612758,20
418,2019,Stanton Kidd,1610612762,24
419,2019,Justin Wright-Foreman,1610612762,24
420,2019,Nikola Vucevic,1610612753,15
421,2019,Tyler Cook,1610612739,29
422,2019,Zylan Cheatham,1610612740,3
423,2019,Josh Gray,1610612740,3
424,2019,Jake Layman,1610612750,12
425,2019,Brian Bowen II,1610612754,16
426,2019,JaKarr Sampson,1610612754,16
427,2019,Michael Carter-Williams,1610612753,15
428,2019,Jarred Vanderbilt,1610612743,6
429,2019,Charles Brown Jr.,1610612737,1
430,2019,Ryan Anderson,1610612745,7
431,2019,Stanley Johnson,1610612761,23
432,2019,Daryl Macon,1610612748,10
433,2019,Kyrie Irving,1610612751,13
434,2019,Caleb Martin,1610612766,28
435,2019,Zach Norvell Jr.,1610612747,9
436,2019,Edmond Sumner,1610612754,16
437,2019,Romeo Langford,1610612738,2
438,2019,Avery Bradley,1610612747,9
439,2019,Kevin Huerter,1610612737,1
440,2019,John Collins,1610612737,1
441,2019,KZ Okpala,1610612748,10
442,2019,Jordan McLaughlin,1610612750,12
443,2019,Eric Gordon,1610612745,7
444,2019,Damion Lee,1610612744,30
445,2019,Landry Shamet,1610612746,8
446,2019,Talen Horton-Tucker,1610612747,9
447,2019,Caris LeVert,1610612751,13
448,2019,Gordon Hayward,1610612738,2
449,2019,John Konchar,1610612763,25
450,2019,Pau Gasol,1610612757,19
451,2019,Jarrell Brantley,1610612762,24
452,2019,Kyle Lowry,1610612761,23
453,2019,Khyri Thomas,1610612765,27
454,2019,De'Aaron Fox,1610612758,20
455,2019,Dion Waiters,1610612748,10
456,2019,Otto Porter Jr.,1610612741,4
457,2019,Michael Frazier,1610612745,7
458,2019,DeMarcus Cousins,1610612747,9
459,2019,Zach Collins,1610612757,19
460,2019,Vlatko Cancar,1610612743,6
461,2019,Wilson Chandler,1610612751,13
462,2019,Tacko Fall,1610612738,2
463,2019,Stephen Curry,1610612744,30
464,2019,Patrick McCaw,1610612761,23
465,2019,Elfrid Payton,1610612752,14
466,2019,Kostas Antetokounmpo,1610612747,9
467,2019,John Henson,1610612739,29
468,2019,Garrison Mathews,1610612764,26
469,2019,Johnathan Motley,1610612746,8
470,2019,Jared Harper,1610612756,18
471,2019,PJ Dozier,1610612743,6
472,2019,Jalen McDaniels,1610612766,28
473,2019,Reggie Jackson,1610612765,27
474,2019,Marvin Bagley III,1610612758,20
475,2019,Isaiah Roby,1610612742,5
476,2019,Anzejs Pasecniks,1610612764,26
477,2019,Jalen Jones,1610612764,26
478,2019,Haywood Highsmith,1610612755,17
479,2019,Christ Koumadje,1610612755,17
480,2019,Isaiah Miles,1610612755,17
481,2019,Isaiah Taylor,1610612761,23
482,2019,Cameron Payne,1610612761,23
483,2019,Devin Robinson,1610612761,23
484,2019,Devin Cannady,1610612751,13
485,2019,Kevin Durant,1610612751,13
486,2019,CJ Massinburg,1610612751,13
487,2019,Lance Thomas,1610612751,13
488,2019,C.J. Williams,1610612751,13
489,2019,Gerald Green,1610612745,7
490,2019,Matur Maker,1610612745,7
491,2019,Nene,1610612745,7
492,2019,Shamorie Ponds,1610612745,7
493,2019,Ray Spalding,1610612745,7
494,2019,Kyle Alexander,1610612748,10
495,2019,Davon Reed,1610612748,10
496,2019,Skyler Flatten,1610612748,10
497,2019,Bubu Palo,1610612748,10
498,2019,Jalen Adams,1610612740,3
499,2019,Javon Bess,1610612740,3
500,2019,Kavell Bigby-Williams,1610612740,3
501,2019,Darius Miller,1610612740,3
502,2019,Zion Williamson,1610612740,3
503,2019,Reggie Bullock,1610612752,14
504,2019,V.J. King,1610612752,14
505,2019,Lamar Peters,1610612752,14
506,2019,Kenny Wooten,1610612752,14
507,2019,Bennie Boatwright,1610612763,25
508,2019,Andre Iguodala,1610612763,25
509,2019,Josh Jackson,1610612763,25
510,2019,Miles Plumlee,1610612763,25
511,2019,Ivan Rabb,1610612763,25
512,2019,Quinndary Weatherspoon,1610612759,21
513,2019,Luka Samanic,1610612759,21
514,2019,Daulton Hommes,1610612759,21
515,2019,Devontae Cacok,1610612747,9
516,2019,Demetrius Jackson,1610612747,9
517,2019,Marcus Allen,1610612747,9
518,2019,Andrew Harrison,1610612744,30
519,2019,Kavion Pippen,1610612744,30
520,2019,Juan Toscano-Anderson,1610612744,30
521,2019,Alfonzo McKinnie,1610612744,30
522,2019,Alen Smailagic,1610612744,30
523,2019,Klay Thompson,1610612744,30
524,2019,Keljin Blevins,1610612757,19
525,2019,Troy Caupain,1610612757,19
526,2019,London Perrantes,1610612757,19
527,2019,Jusuf Nurkic,1610612757,19
528,2019,Tyler Zeller,1610612743,6
529,2019,Bol Bol,1610612743,6
530,2019,Josh Reaves,1610612742,5
531,2019,Antonius Cleveland,1610612742,5
532,2019,Amir Coffey,1610612746,8
533,2019,Donte Grantham,1610612746,8
534,2019,B.J. Taylor,1610612746,8
535,2019,Tahjere McCall,1610612737,1
536,2019,Armoni Brooks,1610612737,1
537,2019,Marcus Derrickson,1610612737,1
538,2019,Jordan Sibert,1610612737,1
539,2019,Justin Simon,1610612741,4
540,2019,Milton Doyle,1610612741,4
541,2019,Adam Mokoka,1610612741,4
542,2019,Cristiano Felicio,1610612741,4
543,2019,Simisola Shittu,1610612741,4
544,2019,Tyrone Wallace,1610612750,12
545,2019,Tyus Battle,1610612750,12
546,2019,Barry Brown,1610612750,12
547,2019,Cameron Reynolds,1610612749,11
548,2019,Rayjon Tucker,1610612749,11
549,2019,Jon Davis,1610612753,15
550,2019,Isaac Humphries,1610612753,15
551,2019,DaQuan Jeffries,1610612753,15
552,2019,Vic Law,1610612753,15
553,2019,Joe Johnson,1610612765,27
554,2019,Todd Withers,1610612765,27
555,2019,Donta Hall,1610612765,27
556,2019,Louis King,1610612765,27
557,2019,Kobi Simmons,1610612766,28
558,2019,Robert Franks,1610612766,28
559,2019,Ahmed Hill,1610612766,28
560,2019,Jaron Blossomgame,1610612745,7
561,2019,Jarrod Uthoff,1610612763,25
562,2019,Abdul Gaddy,1610612760,22
563,2019,Luguentz Dort,1610612760,22
564,2019,DeVaughn Akoon-Purcell,1610612760,22
565,2019,Myke Henry,1610612760,22
566,2019,Eric Moreland,1610612760,22
567,2019,Andre Roberson,1610612760,22
568,2019,Kyle Collinsworth,1610612762,24
569,2019,William Howard,1610612762,24
570,2019,Reggie Hearn,1610612747,9
571,2019,Amida Brimah,1610612754,16
572,2019,Walt Lemon Jr.,1610612754,16
573,2019,Victor Oladipo,1610612754,16
574,2019,C.J. Wilcox,1610612754,16
575,2019,Max Strus,1610612738,2
576,2019,Kaiser Gates,1610612738,2
577,2019,Yante Maten,1610612738,2
578,2019,Jarell Martin,1610612739,29
579,2019,Marques Bolden,1610612739,29
580,2019,Sindarius Thornwell,1610612739,29
581,2019,Timothe Luwawu-Cabarrot,1610612739,29
582,2019,Daniel Hamilton,1610612739,29
583,2019,J.P. Macura,1610612739,29
584,2019,Dylan Windler,1610612739,29
585,2019,Jeremiah Martin,1610612748,10
586,2019,Mychal Mulder,1610612748,10
587,2019,Dusty Hannahs,1610612763,25
588,2019,Dakota Mathias,1610612742,5
589,2019,Aric Holman,1610612742,5
590,2019,Tyler Lydon,1610612758,20
591,2019,Hollis Thompson,1610612758,20
592,2019,Tyler Ulis,1610612758,20
593,2019,Tyler Cook,1610612743,6
594,2019,Jalen Lecque,1610612756,18
595,2019,Norense Odiase,1610612756,18
596,2019,David Kramer,1610612756,18
597,2019,Tariq Owens,1610612756,18
598,2019,David Stockton,1610612747,9
599,2019,Dedric Lawson,1610612759,21
600,2019,Perrion Callandret,1610612741,4
601,2019,Sagaba Konate,1610612761,23
602,2019,Jaylen Adams,1610612749,11
603,2019,Luke Maye,1610612749,11
604,2019,Justin Anderson,1610612764,26
605,2019,Phil Booth,1610612764,26
606,2019,Jemerrio Jones,1610612764,26
607,2019,John Wall,1610612764,26
608,2019,Deng Adel,1610612751,13
609,2019,John Egbunu,1610612751,13
610,2019,Josh Perkins,1610612766,28
611,2019,Joe Chealey,1610612766,28
612,2019,Amir Hinton,1610612752,14
613,2019,Trevon Bluiett,1610612762,24
614,2019,Yudai Baba,1610612742,5
615,2019,Isaiah Pineiro,1610612758,20
616,2019,Eric Mika,1610612758,20
617,2019,Jordan Murphy,1610612750,12
618,2019,Lindell Wigginton,1610612750,12
619,2019,James Palmer Jr.,1610612746,8
620,2019,Terry Larrier,1610612746,8
621,2019,Thomas Welsh,1610612766,28
622,2019,Anthony Bennett,1610612745,7
623,2019,Ray Spalding,1610612737,1
624,2019,Devyn Marble,1610612744,30
625,2019,Hassani Gravett,1610612753,15
626,2019,JaKeenan Gant,1610612754,16
627,2018,Kawhi Leonard,1610612761,23
628,2018,Pascal Siakam,1610612761,23
629,2018,Marc Gasol,1610612761,23
630,2018,Danny Green,1610612761,23
631,2018,Kyle Lowry,1610612761,23
632,2018,Fred VanVleet,1610612761,23
633,2018,Serge Ibaka,1610612761,23
634,2018,Norman Powell,1610612761,23
635,2018,OG Anunoby,1610612761,23
636,2018,Jeremy Lin,1610612761,23
637,2018,Patrick McCaw,1610612761,23
638,2018,Jodie Meeks,1610612761,23
639,2018,Malcolm Miller,1610612761,23
640,2018,Andre Iguodala,1610612744,30
641,2018,Draymond Green,1610612744,30
642,2018,Kevon Looney,1610612744,30
643,2018,Klay Thompson,1610612744,30
644,2018,Stephen Curry,1610612744,30
645,2018,Andrew Bogut,1610612744,30
646,2018,Alfonzo McKinnie,1610612744,30
647,2018,DeMarcus Cousins,1610612744,30
648,2018,Quinn Cook,1610612744,30
649,2018,Shaun Livingston,1610612744,30
650,2018,Jonas Jerebko,1610612744,30
651,2018,Jordan Bell,1610612744,30
652,2018,Jacob Evans,1610612744,30
653,2018,Kevin Durant,1610612744,30
654,2018,Chris Boucher,1610612761,23
655,2018,Eric Moreland,1610612761,23
656,2018,Damian Jones,1610612744,30
657,2018,Khris Middleton,1610612749,11
658,2018,Giannis Antetokounmpo,1610612749,11
659,2018,Brook Lopez,1610612749,11
660,2018,Malcolm Brogdon,1610612749,11
661,2018,Eric Bledsoe,1610612749,11
662,2018,George Hill,1610612749,11
663,2018,Ersan Ilyasova,1610612749,11
664,2018,Pat Connaughton,1610612749,11
665,2018,Sterling Brown,1610612749,11
666,2018,Tim Frazier,1610612749,11
667,2018,Nikola Mirotic,1610612749,11
668,2018,Tony Snell,1610612749,11
669,2018,D.J. Wilson,1610612749,11
670,2018,Maurice Harkless,1610612757,19
671,2018,Al-Farouq Aminu,1610612757,19
672,2018,Meyers Leonard,1610612757,19
673,2018,CJ McCollum,1610612757,19
674,2018,Damian Lillard,1610612757,19
675,2018,Rodney Hood,1610612757,19
676,2018,Zach Collins,1610612757,19
677,2018,Seth Curry,1610612757,19
678,2018,Enes Kanter,1610612757,19
679,2018,Evan Turner,1610612757,19
680,2018,Skal Labissiere,1610612757,19
681,2018,Jake Layman,1610612757,19
682,2018,Anfernee Simons,1610612757,19
683,2018,Torrey Craig,1610612743,6
684,2018,Paul Millsap,1610612743,6
685,2018,Nikola Jokic,1610612743,6
686,2018,Gary Harris,1610612743,6
687,2018,Jamal Murray,1610612743,6
688,2018,Mason Plumlee,1610612743,6
689,2018,Will Barton,1610612743,6
690,2018,Malik Beasley,1610612743,6
691,2018,Monte Morris,1610612743,6
692,2018,Juancho Hernangomez,1610612743,6
693,2018,Trey Lyles,1610612743,6
694,2018,Isaiah Thomas,1610612743,6
695,2018,Jarred Vanderbilt,1610612743,6
696,2018,Jimmy Butler,1610612755,17
697,2018,Tobias Harris,1610612755,17
698,2018,Joel Embiid,1610612755,17
699,2018,JJ Redick,1610612755,17
700,2018,Ben Simmons,1610612755,17
701,2018,James Ennis III,1610612755,17
702,2018,Greg Monroe,1610612755,17
703,2018,Mike Scott,1610612755,17
704,2018,Jonah Bolden,1610612755,17
705,2018,Amir Johnson,1610612755,17
706,2018,Boban Marjanovic,1610612755,17
707,2018,T.J. McConnell,1610612755,17
708,2018,Jonathon Simmons,1610612755,17
709,2018,Eric Gordon,1610612745,7
710,2018,P.J. Tucker,1610612745,7
711,2018,Clint Capela,1610612745,7
712,2018,James Harden,1610612745,7
713,2018,Chris Paul,1610612745,7
714,2018,Nene,1610612745,7
715,2018,Austin Rivers,1610612745,7
716,2018,Iman Shumpert,1610612745,7
717,2018,Gerald Green,1610612745,7
718,2018,Gary Clark,1610612745,7
719,2018,Kenneth Faried,1610612745,7
720,2018,Isaiah Hartenstein,1610612745,7
721,2018,Danuel House Jr.,1610612745,7
722,2018,Jayson Tatum,1610612738,2
723,2018,Al Horford,1610612738,2
724,2018,Aron Baynes,1610612738,2
725,2018,Jaylen Brown,1610612738,2
726,2018,Kyrie Irving,1610612738,2
727,2018,Marcus Morris Sr.,1610612738,2
728,2018,Gordon Hayward,1610612738,2
729,2018,Marcus Smart,1610612738,2
730,2018,Terry Rozier,1610612738,2
731,2018,Daniel Theis,1610612738,2
732,2018,Guerschon Yabusele,1610612738,2
733,2018,Semi Ojeleye,1610612738,2
734,2018,Brad Wanamaker,1610612738,2
735,2018,Michael Frazier,1610612745,7
736,2018,Robert Williams III,1610612738,2
737,2018,Furkan Korkmaz,1610612755,17
738,2018,Chris Chiozza,1610612745,7
739,2018,Zhaire Smith,1610612755,17
740,2018,DeMar DeRozan,1610612759,21
741,2018,LaMarcus Aldridge,1610612759,21
742,2018,Jakob Poeltl,1610612759,21
743,2018,Bryn Forbes,1610612759,21
744,2018,Derrick White,1610612759,21
745,2018,Rudy Gay,1610612759,21
746,2018,Patty Mills,1610612759,21
747,2018,Marco Belinelli,1610612759,21
748,2018,Davis Bertans,1610612759,21
749,2018,Dante Cunningham,1610612759,21
750,2018,Donatas Motiejunas,1610612759,21
751,2018,Quincy Pondexter,1610612759,21
752,2018,Lonnie Walker IV,1610612759,21
753,2018,Patrick Beverley,1610612746,8
754,2018,Danilo Gallinari,1610612746,8
755,2018,JaMychal Green,1610612746,8
756,2018,Landry Shamet,1610612746,8
757,2018,Shai Gilgeous-Alexander,1610612746,8
758,2018,Lou Williams,1610612746,8
759,2018,Montrezl Harrell,1610612746,8
760,2018,Garrett Temple,1610612746,8
761,2018,Sindarius Thornwell,1610612746,8
762,2018,Jerome Robinson,1610612746,8
763,2018,Ivica Zubac,1610612746,8
764,2018,Wilson Chandler,1610612746,8
765,2018,Tyrone Wallace,1610612746,8
766,2018,Joe Ingles,1610612762,24
767,2018,Jae Crowder,1610612762,24
768,2018,Rudy Gobert,1610612762,24
769,2018,Donovan Mitchell,1610612762,24
770,2018,Ricky Rubio,1610612762,24
771,2018,Royce O'Neale,1610612762,24
772,2018,Thabo Sefolosha,1610612762,24
773,2018,Georges Niang,1610612762,24
774,2018,Derrick Favors,1610612762,24
775,2018,Grayson Allen,1610612762,24
776,2018,Kyle Korver,1610612762,24
777,2018,Raul Neto,1610612762,24
778,2018,Ekpe Udoh,1610612762,24
779,2018,Jonathan Isaac,1610612753,15
780,2018,Aaron Gordon,1610612753,15
781,2018,Nikola Vucevic,1610612753,15
782,2018,Evan Fournier,1610612753,15
783,2018,D.J. Augustin,1610612753,15
784,2018,Terrence Ross,1610612753,15
785,2018,Khem Birch,1610612753,15
786,2018,Michael Carter-Williams,1610612753,15
787,2018,Wes Iwundu,1610612753,15
788,2018,Jarell Martin,1610612753,15
789,2018,Melvin Frazier Jr.,1610612753,15
790,2018,Jerian Grant,1610612753,15
791,2018,Joe Harris,1610612751,13
792,2018,Jared Dudley,1610612751,13
793,2018,Jarrett Allen,1610612751,13
794,2018,Caris LeVert,1610612751,13
795,2018,D'Angelo Russell,1610612751,13
796,2018,Treveon Graham,1610612751,13
797,2018,Spencer Dinwiddie,1610612751,13
798,2018,Rondae Hollis-Jefferson,1610612751,13
799,2018,DeMarre Carroll,1610612751,13
800,2018,Rodions Kurucs,1610612751,13
801,2018,Shabazz Napier,1610612751,13
802,2018,Theo Pinson,1610612751,13
803,2018,Dzanan Musa,1610612751,13
804,2018,Paul George,1610612760,22
805,2018,Jerami Grant,1610612760,22
806,2018,Steven Adams,1610612760,22
807,2018,Terrance Ferguson,1610612760,22
808,2018,Russell Westbrook,1610612760,22
809,2018,Nerlens Noel,1610612760,22
810,2018,Dennis Schroder,1610612760,22
811,2018,Markieff Morris,1610612760,22
812,2018,Raymond Felton,1610612760,22
813,2018,Deonte Burton,1610612760,22
814,2018,Abdel Nader,1610612760,22
815,2018,Patrick Patterson,1610612760,22
816,2018,Bruce Brown,1610612765,27
817,2018,Blake Griffin,1610612765,27
818,2018,Andre Drummond,1610612765,27
819,2018,Wayne Ellington,1610612765,27
820,2018,Reggie Jackson,1610612765,27
821,2018,Luke Kennard,1610612765,27
822,2018,Langston Galloway,1610612765,27
823,2018,Ish Smith,1610612765,27
824,2018,Thon Maker,1610612765,27
825,2018,Glenn Robinson III,1610612765,27
826,2018,Jose Calderon,1610612765,27
827,2018,Khyri Thomas,1610612765,27
828,2018,Zaza Pachulia,1610612765,27
829,2018,Jonathan Gibson,1610612738,2
830,2018,Bojan Bogdanovic,1610612754,16
831,2018,Thaddeus Young,1610612754,16
832,2018,Myles Turner,1610612754,16
833,2018,Wesley Matthews,1610612754,16
834,2018,Darren Collison,1610612754,16
835,2018,Tyreke Evans,1610612754,16
836,2018,Domantas Sabonis,1610612754,16
837,2018,Aaron Holiday,1610612754,16
838,2018,Cory Joseph,1610612754,16
839,2018,TJ Leaf,1610612754,16
840,2018,Doug McDermott,1610612754,16
841,2018,Kyle O'Quinn,1610612754,16
842,2018,Edmond Sumner,1610612754,16
843,2018,Ed Davis,1610612751,13
844,2018,Jon Leuer,1610612765,27
845,2018,Hamidou Diallo,1610612760,22
846,2018,Alize Johnson,1610612754,16
847,2018,Davon Reed,1610612754,16
848,2018,Taurean Prince,1610612737,1
849,2018,John Collins,1610612737,1
850,2018,Alex Len,1610612737,1
851,2018,Kevin Huerter,1610612737,1
852,2018,Trae Young,1610612737,1
853,2018,DeAndre' Bembry,1610612737,1
854,2018,Vince Carter,1610612737,1
855,2018,Jaylen Adams,1610612737,1
856,2018,Kent Bazemore,1610612737,1
857,2018,Deyonta Davis,1610612737,1
858,2018,Justin Anderson,1610612737,1
859,2018,Isaac Humphries,1610612737,1
860,2018,Justise Winslow,1610612748,10
861,2018,Kelly Olynyk,1610612748,10
862,2018,Udonis Haslem,1610612748,10
863,2018,Dwyane Wade,1610612748,10
864,2018,Goran Dragic,1610612748,10
865,2018,Derrick Jones Jr.,1610612748,10
866,2018,Bam Adebayo,1610612748,10
867,2018,James Johnson,1610612748,10
868,2018,Duncan Robinson,1610612748,10
869,2018,Dion Waiters,1610612748,10
870,2018,Yante Maten,1610612748,10
871,2018,Ryan Anderson,1610612748,10
872,2018,Hassan Whiteside,1610612748,10
873,2018,Alan Williams,1610612751,13
874,2018,Amile Jefferson,1610612753,15
875,2018,Troy Caupain,1610612753,15
876,2018,Nicolas Batum,1610612766,28
877,2018,Miles Bridges,1610612766,28
878,2018,Bismack Biyombo,1610612766,28
879,2018,Dwayne Bacon,1610612766,28
880,2018,Kemba Walker,1610612766,28
881,2018,Jeremy Lamb,1610612766,28
882,2018,Frank Kaminsky,1610612766,28
883,2018,Malik Monk,1610612766,28
884,2018,Devonte' Graham,1610612766,28
885,2018,Michael Kidd-Gilchrist,1610612766,28
886,2018,Willy Hernangomez,1610612766,28
887,2018,Shelvin Mack,1610612766,28
888,2018,Tony Parker,1610612766,28
889,2018,Kevin Knox II,1610612752,14
890,2018,Luke Kornet,1610612752,14
891,2018,Mitchell Robinson,1610612752,14
892,2018,Damyean Dotson,1610612752,14
893,2018,Mario Hezonja,1610612752,14
894,2018,Kadeem Allen,1610612752,14
895,2018,Henry Ellenson,1610612752,14
896,2018,John Jenkins,1610612752,14
897,2018,Isaiah Hicks,1610612752,14
898,2018,Billy Garrett,1610612752,14
899,2018,DeAndre Jordan,1610612752,14
900,2018,Dennis Smith Jr.,1610612752,14
901,2018,Lance Thomas,1610612752,14
902,2018,Wayne Selden,1610612741,4
903,2018,Timothe Luwawu-Cabarrot,1610612741,4
904,2018,Robin Lopez,1610612741,4
905,2018,Shaquille Harrison,1610612741,4
906,2018,Ryan Arcidiacono,1610612741,4
907,2018,Brandon Sampson,1610612741,4
908,2018,Cristiano Felicio,1610612741,4
909,2018,Walt Lemon Jr.,1610612741,4
910,2018,Antonio Blakeney,1610612741,4
911,2018,Rawle Alkins,1610612741,4
912,2018,Chandler Hutchison,1610612741,4
913,2018,Shake Milton,1610612755,17
914,2018,Haywood Highsmith,1610612755,17
915,2018,Damion Lee,1610612744,30
916,2018,Marcus Derrickson,1610612744,30
917,2018,Justin Holiday,1610612763,25
918,2018,Bruno Caboclo,1610612763,25
919,2018,Ivan Rabb,1610612763,25
920,2018,Tyler Dorsey,1610612763,25
921,2018,Delon Wright,1610612763,25
922,2018,Tyler Zeller,1610612763,25
923,2018,Jevon Carter,1610612763,25
924,2018,Yuta Watanabe,1610612763,25
925,2018,Julian Washburn,1610612763,25
926,2018,Mike Conley,1610612763,25
927,2018,Joakim Noah,1610612763,25
928,2018,Chandler Parsons,1610612763,25
929,2018,Jawun Evans,1610612760,22
930,2018,Bonzie Colson,1610612749,11
931,2018,Justin Jackson,1610612742,5
932,2018,Dirk Nowitzki,1610612742,5
933,2018,Dwight Powell,1610612742,5
934,2018,Devin Harris,1610612742,5
935,2018,Jalen Brunson,1610612742,5
936,2018,Salah Mejri,1610612742,5
937,2018,Dorian Finney-Smith,1610612742,5
938,2018,Ryan Broekhoff,1610612742,5
939,2018,Trey Burke,1610612742,5
940,2018,Courtney Lee,1610612742,5
941,2018,Kostas Antetokounmpo,1610612742,5
942,2018,Luka Doncic,1610612742,5
943,2018,Daryl Macon,1610612742,5
944,2018,Drew Eubanks,1610612759,21
945,2018,Andrew Wiggins,1610612750,12
946,2018,Dario Saric,1610612750,12
947,2018,Gorgui Dieng,1610612750,12
948,2018,Josh Okogie,1610612750,12
949,2018,Tyus Jones,1610612750,12
950,2018,Anthony Tolliver,1610612750,12
951,2018,Keita Bates-Diop,1610612750,12
952,2018,Cameron Reynolds,1610612750,12
953,2018,Jared Terrell,1610612750,12
954,2018,C.J. Williams,1610612750,12
955,2018,Mitchell Creek,1610612750,12
956,2018,Taj Gibson,1610612750,12
957,2018,Naz Mitrou-Long,1610612762,24
958,2018,Tony Bradley,1610612762,24
959,2018,Tyler Cavanaugh,1610612762,24
960,2018,Harrison Barnes,1610612758,20
961,2018,Nemanja Bjelica,1610612758,20
962,2018,Willie Cauley-Stein,1610612758,20
963,2018,Buddy Hield,1610612758,20
964,2018,De'Aaron Fox,1610612758,20
965,2018,Marvin Bagley III,1610612758,20
966,2018,Bogdan Bogdanovic,1610612758,20
967,2018,Yogi Ferrell,1610612758,20
968,2018,Corey Brewer,1610612758,20
969,2018,Caleb Swanigan,1610612758,20
970,2018,Troy Williams,1610612758,20
971,2018,Frank Mason,1610612758,20
972,2018,BJ Johnson,1610612758,20
973,2018,Gary Trent Jr.,1610612757,19
974,2018,Jordan Loyd,1610612761,23
975,2018,Jerryd Bayless,1610612750,12
976,2018,Karl-Anthony Towns,1610612750,12
977,2018,Jemerrio Jones,1610612747,9
978,2018,Mike Muscala,1610612747,9
979,2018,JaVale McGee,1610612747,9
980,2018,Kentavious Caldwell-Pope,1610612747,9
981,2018,Alex Caruso,1610612747,9
982,2018,Johnathan Williams,1610612747,9
983,2018,Isaac Bonga,1610612747,9
984,2018,Moritz Wagner,1610612747,9
985,2018,Reggie Bullock,1610612747,9
986,2018,Tyson Chandler,1610612747,9
987,2018,Kyle Kuzma,1610612747,9
988,2018,Rajon Rondo,1610612747,9
989,2018,Kenrich Williams,1610612740,3
990,2018,Christian Wood,1610612740,3
991,2018,Jahlil Okafor,1610612740,3
992,2018,Ian Clark,1610612740,3
993,2018,Elfrid Payton,1610612740,3
994,2018,Cheick Diallo,1610612740,3
995,2018,Solomon Hill,1610612740,3
996,2018,Dairis Bertans,1610612740,3
997,2018,Anthony Davis,1610612740,3
998,2018,Frank Jackson,1610612740,3
999,2018,Stanley Johnson,1610612740,3
1000,2018,Darius Miller,1610612740,3
1001,2018,Julius Randle,1610612740,3
1002,2018,Mikal Bridges,1610612756,18
1003,2018,Dragan Bender,1610612756,18
1004,2018,Ray Spalding,1610612756,18
1005,2018,Josh Jackson,1610612756,18
1006,2018,Elie Okobo,1610612756,18
1007,2018,Troy Daniels,1610612756,18
1008,2018,Jamal Crawford,1610612756,18
1009,2018,De'Anthony Melton,1610612756,18
1010,2018,Jimmer Fredette,1610612756,18
1011,2018,Devin Booker,1610612756,18
1012,2018,Richaun Holmes,1610612756,18
1013,2018,Maxi Kleber,1610612742,5
1014,2018,JaKarr Sampson,1610612741,4
1015,2018,PJ Dozier,1610612738,2
1016,2018,RJ Hunter,1610612738,2
1017,2018,Troy Brown Jr.,1610612764,26
1018,2018,Bobby Portis,1610612764,26
1019,2018,Thomas Bryant,1610612764,26
1020,2018,Bradley Beal,1610612764,26
1021,2018,Tomas Satoransky,1610612764,26
1022,2018,Ian Mahinmi,1610612764,26
1023,2018,Devin Robinson,1610612764,26
1024,2018,Chasson Randle,1610612764,26
1025,2018,Sam Dekker,1610612764,26
1026,2018,Jeff Green,1610612764,26
1027,2018,Trevor Ariza,1610612764,26
1028,2018,Jordan McRae,1610612764,26
1029,2018,Jabari Parker,1610612764,26
1030,2018,J.P. Macura,1610612766,28
1031,2018,Marvin Williams,1610612766,28
1032,2018,Cedi Osman,1610612739,29
1033,2018,Larry Nance Jr.,1610612739,29
1034,2018,Ante Zizic,1610612739,29
1035,2018,Brandon Knight,1610612739,29
1036,2018,Collin Sexton,1610612739,29
1037,2018,Jordan Clarkson,1610612739,29
1038,2018,Marquese Chriss,1610612739,29
1039,2018,David Nwaba,1610612739,29
1040,2018,Nik Stauskas,1610612739,29
1041,2018,Channing Frye,1610612739,29
1042,2018,Deng Adel,1610612739,29
1043,2018,Kevin Love,1610612739,29
1044,2018,Lance Stephenson,1610612747,9
1045,2018,Tyler Lydon,1610612743,6
1046,2018,Brandon Goodwin,1610612743,6
1047,2018,Thomas Welsh,1610612743,6
1048,2018,Johnathan Motley,1610612746,8
1049,2018,Angel Delgado,1610612746,8
1050,2018,Rodney McGruder,1610612748,10
1051,2018,Tristan Thompson,1610612739,29
1052,2018,Kosta Koufos,1610612758,20
1053,2018,Alec Burks,1610612758,20
1054,2018,Emmanuel Mudiay,1610612752,14
1055,2018,Wesley Johnson,1610612764,26
1056,2018,Dusty Hannahs,1610612763,25
1057,2018,T.J. Warren,1610612756,18
1058,2018,Josh Richardson,1610612748,10
1059,2018,Kris Dunn,1610612741,4
1060,2018,Svi Mykhailiuk,1610612765,27
1061,2018,Cody Demps,1610612758,20
1062,2018,Chimezie Metu,1610612759,21
1063,2018,Jonas Valanciunas,1610612763,25
1064,2018,Deandre Ayton,1610612756,18
1065,2018,Greg Monroe,1610612738,2
1066,2018,Dewayne Dedmon,1610612737,1
1067,2018,LeBron James,1610612747,9
1068,2018,Scott Machado,1610612747,9
1069,2018,Wendell Carter Jr.,1610612741,4
1070,2018,Avery Bradley,1610612763,25
1071,2018,Donte DiVincenzo,1610612749,11
1072,2018,Lauri Markkanen,1610612741,4
1073,2018,Zach LaVine,1610612741,4
1074,2018,Jusuf Nurkic,1610612757,19
1075,2018,Harry Giles III,1610612758,20
1076,2018,Frank Ntilikina,1610612752,14
1077,2018,Justin Patton,1610612755,17
1078,2018,BJ Johnson,1610612737,1
1079,2018,Tim Hardaway Jr.,1610612742,5
1080,2018,Josh Hart,1610612747,9
1081,2018,Andre Ingram,1610612747,9
1082,2018,Tyler Johnson,1610612756,18
1083,2018,Jason Smith,1610612740,3
1084,2018,Allonzo Trier,1610612752,14
1085,2018,Matthew Dellavedova,1610612739,29
1086,2018,Pau Gasol,1610612749,11
1087,2018,Christian Wood,1610612749,11
1088,2018,Tyler Zeller,1610612737,1
1089,2018,Otto Porter Jr.,1610612741,4
1090,2018,Derrick Rose,1610612750,12
1091,2018,CJ Miles,1610612763,25
1092,2018,Kelly Oubre Jr.,1610612756,18
1093,2018,Noah Vonleh,1610612752,14
1094,2018,Dante Exum,1610612762,24
1095,2018,Allen Crabbe,1610612751,13
1096,2018,Vincent Edwards,1610612745,7
1097,2018,Terrence Jones,1610612745,7
1098,2018,Cody Zeller,1610612766,28
1099,2018,Donte Grantham,1610612760,22
1100,2018,Jeff Teague,1610612750,12
1101,2018,E'Twaun Moore,1610612740,3
1102,2018,Isaiah Briscoe,1610612753,15
1103,2018,Alex Poythress,1610612737,1
1104,2018,Jrue Holiday,1610612740,3
1105,2018,Brandon Ingram,1610612747,9
1106,2018,Trevon Duval,1610612749,11
1107,2018,Isaiah Canaan,1610612749,11
1108,2018,Omari Spellman,1610612737,1
1109,2018,Pau Gasol,1610612759,21
1110,2018,Tim Frazier,1610612740,3
1111,2018,Tahjere McCall,1610612751,13
1112,2018,Luol Deng,1610612750,12
1113,2018,Jordan Sibert,1610612737,1
1114,2018,Emanuel Terry,1610612748,10
1115,2018,Isaiah Canaan,1610612750,12
1116,2018,Scotty Hopson,1610612760,22
1117,2018,Richard Solomon,1610612760,22
1118,2018,Jawun Evans,1610612756,18
1119,2018,Jaren Jackson Jr.,1610612763,25
1120,2018,Jeremy Lin,1610612737,1
1121,2018,Jaron Blossomgame,1610612739,29
1122,2018,John Jenkins,1610612764,26
1123,2018,Greg Monroe,1610612761,23
1124,2018,Kyle Anderson,1610612763,25
1125,2018,Dillon Brooks,1610612763,25
1126,2018,James Ennis III,1610612745,7
1127,2018,Marquese Chriss,1610612745,7
1128,2018,Brandon Knight,1610612745,7
1129,2018,Skal Labissiere,1610612758,20
1130,2018,Justin Jackson,1610612758,20
1131,2018,Iman Shumpert,1610612758,20
1132,2018,Otto Porter Jr.,1610612764,26
1133,2018,Harrison Barnes,1610612742,5
1134,2018,Mitchell Creek,1610612751,13
1135,2018,Wesley Johnson,1610612740,3
1136,2018,Nikola Mirotic,1610612740,3
1137,2018,Jabari Parker,1610612741,4
1138,2018,Bobby Portis,1610612741,4
1139,2018,Avery Bradley,1610612746,8
1140,2018,Tobias Harris,1610612746,8
1141,2018,Marcin Gortat,1610612746,8
1142,2018,Mike Scott,1610612746,8
1143,2018,Boban Marjanovic,1610612746,8
1144,2018,Alec Burks,1610612739,29
1145,2018,Wade Baldwin IV,1610612739,29
1146,2018,Ivica Zubac,1610612747,9
1147,2018,Michael Beasley,1610612747,9
1148,2018,Svi Mykhailiuk,1610612747,9
1149,2018,Reggie Bullock,1610612765,27
1150,2018,Stanley Johnson,1610612765,27
1151,2018,Wesley Matthews,1610612752,14
1152,2018,Enes Kanter,1610612752,14
1153,2018,Delon Wright,1610612761,23
1154,2018,CJ Miles,1610612761,23
1155,2018,Mike Muscala,1610612755,17
1156,2018,Landry Shamet,1610612755,17
1157,2018,Shelvin Mack,1610612763,25
1158,2018,Marc Gasol,1610612763,25
1159,2018,JaMychal Green,1610612763,25
1160,2018,Alex Abrines,1610612760,22
1161,2018,Tyler Johnson,1610612748,10
1162,2018,Wayne Ellington,1610612748,10
1163,2018,Caleb Swanigan,1610612757,19
1164,2018,Ryan Anderson,1610612756,18
1165,2018,Emanuel Terry,1610612756,18
1166,2018,Thon Maker,1610612749,11
1167,2018,Daniel Hamilton,1610612737,1
1168,2018,Corey Brewer,1610612755,17
1169,2018,Tyler Dorsey,1610612737,1
1170,2018,Rodney Hood,1610612739,29
1171,2018,Kobi Simmons,1610612739,29
1172,2018,Mo Bamba,1610612753,15
1173,2018,Garrett Temple,1610612763,25
1174,2018,Wilson Chandler,1610612755,17
1175,2018,Jason Smith,1610612749,11
1176,2018,Joe Chealey,1610612766,28
1177,2018,Wesley Matthews,1610612742,5
1178,2018,DeAndre Jordan,1610612742,5
1179,2018,Dennis Smith Jr.,1610612742,5
1180,2018,Trey Burke,1610612752,14
1181,2018,Tim Hardaway Jr.,1610612752,14
1182,2018,Courtney Lee,1610612752,14
1183,2018,Gary Payton II,1610612764,26
1184,2018,Wade Baldwin IV,1610612757,19
1185,2018,Nik Stauskas,1610612757,19
1186,2018,Kalin Lucas,1610612765,27
1187,2018,Timothe Luwawu-Cabarrot,1610612760,22
1188,2018,Jonathon Simmons,1610612753,15
1189,2018,Ben McLemore,1610612758,20
1190,2018,Quincy Acy,1610612756,18
1191,2018,Omri Casspi,1610612763,25
1192,2018,Cameron Payne,1610612739,29
1193,2018,Victor Oladipo,1610612754,16
1194,2018,Malachi Richardson,1610612761,23
1195,2018,Lonzo Ball,1610612747,9
1196,2018,James Nunnally,1610612745,7
1197,2018,Henry Ellenson,1610612765,27
1198,2018,Kenneth Faried,1610612751,13
1199,2018,Jalen Jones,1610612739,29
1200,2018,J.J. Barea,1610612742,5
1201,2018,James Nunnally,1610612750,12
1202,2018,Ron Baker,1610612764,26
1203,2018,Lorenzo Brown,1610612761,23
1204,2018,Michael Carter-Williams,1610612745,7
1205,2018,Patrick McCaw,1610612739,29
1206,2018,Demetrius Jackson,1610612755,17
1207,2018,Miles Plumlee,1610612737,1
1208,2018,Justin Holiday,1610612741,4
1209,2018,Cameron Payne,1610612741,4
1210,2018,Wayne Selden,1610612763,25
1211,2018,MarShon Brooks,1610612763,25
1212,2018,Eric Moreland,1610612756,18
1213,2018,Milos Teodosic,1610612746,8
1214,2018,Robert Covington,1610612750,12
1215,2018,Trevon Bluiett,1610612740,3
1216,2018,Andrew Harrison,1610612740,3
1217,2018,Markieff Morris,1610612764,26
1218,2018,Nick Young,1610612743,6
1219,2018,John Wall,1610612764,26
1220,2018,Keenan Evans,1610612765,27
1221,2018,Jaylen Morris,1610612749,11
1222,2018,Okaro White,1610612764,26
1223,2018,DeVaughn Akoon-Purcell,1610612743,6
1224,2018,Kelly Oubre Jr.,1610612764,26
1225,2018,Austin Rivers,1610612764,26
1226,2018,Trevor Ariza,1610612756,18
1227,2018,Jonas Valanciunas,1610612761,23
1228,2018,Ron Baker,1610612752,14
1229,2018,Zach Lofton,1610612765,27
1230,2018,George King,1610612756,18
1231,2018,DJ Stephens,1610612763,25
1232,2018,Matthew Dellavedova,1610612749,11
1233,2018,George Hill,1610612739,29
1234,2018,Jason Smith,1610612764,26
1235,2018,Andrew Harrison,1610612739,29
1236,2018,Ike Anigbogu,1610612754,16
1237,2018,Sam Dekker,1610612739,29
1238,2018,Tyler Davis,1610612760,22
1239,2018,Isaiah Canaan,1610612756,18
1240,2018,Kyle Korver,1610612739,29
1241,2018,Alec Burks,1610612762,24
1242,2018,Dwight Howard,1610612764,26
1243,2018,Markelle Fultz,1610612755,17
1244,2018,JR Smith,1610612739,29
1245,2018,John Henson,1610612749,11
1246,2018,Carmelo Anthony,1610612745,7
1247,2018,Jimmy Butler,1610612750,12
1248,2018,Robert Covington,1610612755,17
1249,2018,Dario Saric,1610612755,17
1250,2018,Tyson Chandler,1610612756,18
1251,2018,Andrew Harrison,1610612763,25
1252,2018,Zhou Qi,1610612745,7
1253,2018,Ray Spalding,1610612742,5
1254,2018,Luc Mbah a Moute,1610612746,8
1255,2018,Tyler Ulis,1610612741,4
1256,2018,John Holland,1610612739,29
1257,2018,Justin Patton,1610612750,12
1258,2018,Wenyen Gabriel,1610612758,20
1259,2018,Kalin Lucas,1610612758,20
1260,2018,Zach Randolph,1610612758,20
1261,2018,Cameron Reynolds,1610612758,20
1262,2018,Cameron Oliver,1610612757,19
1263,2018,Chinanu Onuaku,1610612757,19
1264,2018,Gary Payton II,1610612757,19
1265,2018,Reggie Hearn,1610612765,27
1266,2018,Emanuel Terry,1610612739,29
1267,2018,Bonzie Colson,1610612739,29
1268,2018,Billy Preston,1610612739,29
1269,2018,Isaiah Taylor,1610612739,29
1270,2018,Travis Wear,1610612747,9
1271,2018,Jeffrey Carroll,1610612747,9
1272,2018,Brandon Sampson,1610612745,7
1273,2018,Angel Rodriguez,1610612745,7
1274,2018,Tim Bond,1610612745,7
1275,2018,Bruno Caboclo,1610612745,7
1276,2018,Markel Crawford,1610612763,25
1277,2018,Brandon Goodwin,1610612763,25
1278,2018,Doral Moore,1610612763,25
1279,2018,Darius Johnson-Odom,1610612750,12
1280,2018,Jonathan Stark,1610612750,12
1281,2018,Tyler Zeller,1610612749,11
1282,2018,Zach Smith,1610612766,28
1283,2018,Yanyuhang Ding,1610612742,5
1284,2018,Xavier Silas,1610612743,6
1285,2018,Antonius Cleveland,1610612741,4
1286,2018,Kaiser Gates,1610612741,4
1287,2018,Derrick Walton Jr.,1610612741,4
1288,2018,Okaro White,1610612759,21
1289,2018,Nick Johnson,1610612759,21
1290,2018,Braian Angola-Rodas,1610612753,15
1291,2018,Timofey Mozgov,1610612753,15
1292,2018,RJ Hunter,1610612737,1
1293,2018,Thomas Robinson,1610612737,1
1294,2018,C.J. Anderson,1610612737,1
1295,2018,Briante Weber,1610612748,10
1296,2018,Raphiael Putney,1610612748,10
1297,2018,Rodney Purvis,1610612748,10
1298,2018,Jarnell Stokes,1610612748,10
1299,2018,Jeffrey Coby,1610612752,14
1300,2018,Joakim Noah,1610612752,14
1301,2018,Kristaps Porzingis,1610612752,14
1302,2018,Jairus Lyles,1610612762,24
1303,2018,Isaiah Cousins,1610612762,24
1304,2018,Isaac Haas,1610612762,24
1305,2018,Kay Felder,1610612761,23
1306,2018,Kyle Collinsworth,1610612761,23
1307,2018,Deng Adel,1610612761,23
1308,2018,Jarrett Jack,1610612740,3
1309,2018,Alexis Ajinca,1610612740,3
1310,2018,Garlon Green,1610612740,3
1311,2018,Brandon McCoy,1610612740,3
1312,2018,Darius Morris,1610612740,3
1313,2018,Troy Williams,1610612740,3
1314,2018,DeAndre Liggins,1610612748,10
1315,2018,Charles Cooke,1610612748,10
1316,2018,Tyler Ulis,1610612744,30
1317,2018,Will Cherry,1610612744,30
1318,2018,Danuel House Jr.,1610612744,30
1319,2018,Kendrick Nunn,1610612744,30
1320,2018,Elijah Stewart,1610612754,16
1321,2018,Ben Moore,1610612754,16
1322,2018,Omari Johnson,1610612754,16
1323,2018,Shaquille Harrison,1610612756,18
1324,2018,Davon Reed,1610612756,18
1325,2018,Josh Huestis,1610612759,21
1326,2018,Dejounte Murray,1610612759,21
1327,2018,Jordan McLaughlin,1610612751,13
1328,2018,Nuni Omot,1610612751,13
1329,2018,Lavoy Allen,1610612764,26
1330,2018,Chris Chiozza,1610612764,26
1331,2018,Tiwian Kendley,1610612764,26
1332,2018,Jodie Meeks,1610612764,26
1333,2018,Johnny Hamilton,1610612765,27
1334,2018,Michael Porter Jr.,1610612743,6
1335,2018,Donald Sloan,1610612743,6
1336,2018,Jawun Evans,1610612746,8
1337,2018,Wesley Johnson,1610612746,8
1338,2018,Desi Rodriguez,1610612746,8
1339,2018,Shabazz Muhammad,1610612749,11
1340,2018,Abdul Gaddy,1610612760,22
1341,2018,KJ McDaniels,1610612760,22
1342,2018,Bryce Alford,1610612760,22
1343,2018,Andre Roberson,1610612760,22
1344,2018,Jalen Jones,1610612742,5
1345,2018,Codi Miller-McIntyre,1610612742,5
1346,2018,Emeka Okafor,1610612755,17
1347,2018,Anthony Brown,1610612755,17
1348,2018,Jerryd Bayless,1610612755,17
1349,2018,Norvel Pelle,1610612755,17
1350,2018,Omer Asik,1610612741,4
1351,2018,Denzel Valentine,1610612741,4
1352,2018,Jaylen Barford,1610612766,28
1353,2018,Isaiah Wilkins,1610612766,28
1354,2018,C.J. Wilcox,1610612754,16
1355,2018,Levi Randolph,1610612739,29
1356,2018,Darrell Arthur,1610612756,18
1357,2018,Rob Gray,1610612745,7
1358,2018,Jaron Blossomgame,1610612759,21
1359,2018,Ismaila Kane,1610612763,25
1360,2018,Joel Berry II,1610612747,9
1361,2018,Walt Lemon Jr.,1610612738,2
1362,2018,Marcus Georges-Hunt,1610612738,2
1363,2018,Jeff Roberson,1610612738,2
1364,2018,Nick King,1610612738,2
1365,2018,Jabari Bird,1610612738,2
1366,2018,Chris McCullough,1610612765,27
1367,2018,Jamel Artis,1610612758,20
1368,2018,Cole Aldrich,1610612737,1
1369,2018,Malik Newman,1610612748,10
1370,2018,Tyrius Walker,1610612752,14
1371,2018,Marcus Lee,1610612748,10
1372,2018,Trey Lewis,1610612762,24
1373,2018,Emanuel Terry,1610612743,6
1374,2018,Justin Bibbs,1610612738,2
