"player_id","season","position","game","game_started","minutes_played","field_goal","field_goal_attempts","personal_fouls","turnovers","three_point","three_point_attempts","blocks","steals","free_throws_attempts","assists","total_rebounds","two_point_attempts","defensive_rebounds","free_throws","offensive_rebounds","three_point_percentage","two_point_percentage","player_score"
332,2018,"PG",78,78,2867,843,1909,244,387,378,1028,58,158,858,586,518,881,452,754,66,0.368,0.528,2818
303,2018,"SF",77,77,2841,707,1614,214,205,292,757,34,170,540,318,628,857,523,453,105,0.386,0.484,2159
317,2018,"PG",82,82,2863,731,1684,131,211,260,731,34,102,450,484,361,953,309,380,52,0.356,0.494,2102
291,2018,"SG",82,82,3028,764,1609,226,224,209,596,58,121,448,448,411,1013,322,362,89,0.351,0.548,2099
362,2018,"PG",80,80,2838,681,1533,148,212,237,643,34,88,513,551,371,890,303,468,68,0.369,0.499,2067
485,2018,"SF",78,78,2702,721,1383,155,225,137,388,84,58,506,457,497,995,464,448,33,0.353,0.587,2027
39,2018,"PF",72,72,2358,721,1247,232,268,52,203,110,92,686,424,898,1044,739,500,159,0.256,0.641,1994
463,2018,"PG",69,69,2331,632,1340,166,192,354,810,25,92,287,361,369,530,324,263,45,0.437,0.525,1881
176,2018,"C",77,77,2545,681,1314,292,240,142,355,125,67,450,259,954,959,691,376,263,0.4,0.562,1880
226,2018,"PF",75,75,2622,619,1341,199,253,189,522,28,52,550,402,565,819,465,414,100,0.362,0.525,1841
4,2018,"SG",77,77,2598,661,1530,208,218,188,519,31,106,396,322,316,1011,257,319,59,0.362,0.468,1829
16,2018,"C",64,64,2154,580,1199,211,226,79,263,122,46,649,234,871,936,711,522,160,0.3,0.535,1761
373,2018,"C",81,81,2687,684,1319,179,144,10,42,107,43,412,194,744,1277,493,349,251,0.238,0.528,1727
392,2018,"PG",81,81,2448,659,1517,141,253,234,635,20,100,205,563,315,882,262,160,53,0.369,0.482,1712
80,2018,"SG",64,64,2242,586,1255,200,264,135,414,13,56,454,433,265,841,226,393,39,0.326,0.536,1700
67,2018,"SG",82,82,2615,623,1360,202,146,278,651,33,58,193,205,412,709,306,171,106,0.427,0.487,1695
523,2018,"SG",78,78,2652,655,1402,157,115,241,599,47,84,158,186,299,803,262,129,37,0.402,0.516,1680
333,2018,"PG",73,73,2630,630,1473,245,325,119,411,33,142,451,784,807,1062,698,296,109,0.29,0.481,1675
420,2018,"C",80,80,2510,701,1354,157,159,84,231,89,81,227,307,960,1123,736,179,224,0.364,0.549,1665
14,2018,"PF",82,82,2847,611,1254,184,151,156,393,37,51,307,229,645,861,576,266,69,0.397,0.528,1644
212,2018,"SG",77,77,2688,631,1313,177,199,7,45,36,86,441,475,462,1268,408,366,54,0.156,0.492,1635
343,2018,"C",80,80,2504,616,1206,228,248,83,270,55,108,352,580,865,936,637,289,228,0.307,0.569,1604
433,2018,"PG",67,67,2214,604,1241,167,172,174,434,34,103,245,464,335,807,264,214,71,0.401,0.533,1596
300,2018,"SF",60,60,2040,560,1129,87,121,112,302,24,106,426,199,439,827,361,364,78,0.371,0.542,1596
27,2018,"PF",73,49,2232,571,1089,246,208,67,195,45,52,487,229,634,894,472,356,162,0.344,0.564,1565
141,2018,"PG",81,81,2503,525,1256,140,308,156,482,15,72,414,653,301,774,237,343,64,0.324,0.477,1549
191,2018,"SG",72,72,2318,506,1186,137,247,168,514,25,77,485,429,563,672,477,346,86,0.327,0.503,1526
200,2018,"SF",55,55,1937,558,1095,94,197,111,327,33,72,418,454,465,768,408,278,57,0.339,0.582,1505
305,2018,"SG",75,1,1993,484,1138,80,181,105,291,11,57,485,402,222,847,182,425,40,0.361,0.447,1498
54,2018,"SG",63,62,2171,530,1135,140,215,120,321,26,60,375,283,294,814,254,312,40,0.374,0.504,1492
5,2018,"PG",70,70,2342,490,1120,123,130,155,426,22,94,406,449,239,694,199,343,40,0.364,0.483,1478
361,2018,"SG",70,70,2375,571,1243,172,106,167,445,28,55,192,207,282,798,220,159,62,0.375,0.506,1468
2,2018,"SF",81,81,2573,522,1051,138,134,164,386,1,69,305,161,333,665,300,246,33,0.425,0.538,1454
201,2018,"C",56,56,1850,530,1026,132,112,48,145,135,88,433,218,672,881,498,344,174,0.331,0.547,1452
250,2018,"SG",67,67,2402,547,1159,148,210,118,363,54,109,271,518,334,796,259,208,75,0.325,0.539,1420
38,2018,"SF",77,77,2393,506,1148,172,174,179,474,7,80,258,331,461,674,411,216,50,0.378,0.485,1407
454,2018,"PG",81,81,2546,505,1102,204,227,86,232,45,133,417,590,304,870,261,303,43,0.371,0.482,1399
0,2018,"SG",76,63,2379,452,1027,129,101,240,605,17,32,255,206,186,422,166,228,20,0.397,0.502,1372
378,2018,"PG",82,72,2605,519,1206,186,185,119,296,6,44,255,243,236,910,179,214,57,0.402,0.44,1371
227,2018,"C",79,79,2647,561,1052,272,175,5,38,138,136,412,112,1232,1014,809,243,423,0.132,0.548,1370
345,2018,"PG",75,74,2447,513,1173,153,158,152,414,27,67,223,363,317,759,252,189,65,0.367,0.476,1367
382,2018,"SG",81,0,2214,529,1180,112,135,144,445,13,57,192,196,270,735,188,162,82,0.324,0.524,1364
306,2018,"C",82,5,2158,546,888,255,132,3,17,110,71,414,162,535,871,351,266,184,0.176,0.623,1361
276,2018,"PF",80,79,2548,519,945,241,154,79,214,52,73,302,248,549,731,425,237,124,0.369,0.602,1354
239,2018,"SF",68,68,2059,409,884,129,99,161,372,23,49,406,178,417,512,363,367,54,0.433,0.484,1346
18,2018,"PG",79,79,2700,540,960,209,274,0,6,61,112,428,610,697,954,525,257,172,0,0.566,1337
178,2018,"SF",73,73,2543,498,1209,153,138,118,348,48,70,296,184,352,861,269,207,83,0.339,0.441,1321
205,2018,"PF",70,68,2314,496,1087,170,133,128,422,26,41,250,178,382,665,322,188,60,0.303,0.553,1308
3,2018,"C",81,80,2577,476,712,231,130,0,0,187,66,522,161,1041,712,732,332,309,0,0.669,1284
64,2018,"PF-SF",77,77,2533,431,1027,122,98,174,441,13,50,278,115,361,586,304,229,57,0.395,0.439,1265
473,2018,"PG",82,82,2289,441,1047,208,148,174,471,9,55,236,344,216,576,171,204,45,0.369,0.464,1260
264,2018,"PF",78,78,2633,470,1046,172,162,121,347,56,57,253,289,574,699,445,185,129,0.349,0.499,1246
314,2018,"SF",79,79,2455,466,1036,168,122,116,311,57,84,228,168,477,725,407,195,70,0.373,0.483,1243
42,2018,"PG",78,78,2272,470,971,156,165,124,377,29,116,236,430,362,594,280,177,82,0.329,0.582,1241
266,2018,"SG",81,81,2553,468,1069,225,154,153,450,12,71,170,295,258,619,220,137,38,0.34,0.509,1226
244,2018,"PG",79,14,2314,457,1104,189,172,124,364,12,65,227,323,284,740,246,186,38,0.341,0.45,1224
271,2018,"SG",81,0,2150,440,1027,119,90,217,566,29,72,144,135,280,461,253,126,27,0.383,0.484,1223
150,2018,"SF-SG",65,65,2185,418,904,111,95,67,193,39,123,365,263,342,711,221,312,121,0.347,0.494,1215
398,2018,"SG",73,73,2539,423,1026,200,113,164,460,34,79,231,298,263,566,209,199,54,0.357,0.458,1209
104,2018,"SG",79,55,2250,431,979,140,80,115,330,32,88,260,172,434,649,369,231,65,0.348,0.487,1208
440,2018,"PF",61,59,1829,465,831,199,120,55,158,39,22,266,121,595,673,376,203,219,0.348,0.609,1188
190,2018,"SG",65,63,2057,390,993,141,105,162,477,8,54,276,159,222,516,189,232,33,0.34,0.442,1174
408,2018,"C",71,70,2183,509,870,209,126,0,4,67,61,189,125,729,866,506,141,223,0,0.588,1159
167,2018,"PG",68,4,1914,366,828,187,152,124,370,17,40,356,311,166,458,140,287,26,0.335,0.528,1143
527,2018,"C",72,72,1974,420,826,250,168,3,29,103,71,365,233,748,797,505,282,243,0.103,0.523,1125
339,2018,"C",67,67,2249,474,732,168,94,0,0,102,44,261,96,848,732,550,166,298,0,0.648,1114
280,2018,"C",74,51,2010,464,877,211,114,49,169,103,29,177,99,601,708,445,135,156,0.29,0.586,1112
240,2018,"C",80,80,2669,481,809,204,135,0,2,76,117,292,124,760,807,369,146,391,0,0.596,1108
443,2018,"SG",68,53,2158,384,938,143,90,216,600,27,41,152,129,148,338,131,119,17,0.36,0.497,1103
346,2018,"PF",80,77,2612,409,823,214,67,115,293,100,61,221,79,417,530,321,157,96,0.392,0.555,1090
863,2018,"SG",72,2,1885,416,960,118,166,86,261,38,59,233,301,285,699,216,165,69,0.33,0.472,1083
277,2018,"C",79,72,2436,390,870,217,155,99,273,86,84,253,349,627,597,547,192,80,0.363,0.487,1071
77,2018,"SF",69,19,1935,375,842,181,103,108,338,59,84,244,84,325,504,254,189,71,0.32,0.53,1047
0,2018,"PF",75,53,2091,377,844,181,92,146,389,25,43,173,109,458,455,382,146,76,0.375,0.508,1046
102,2018,"C",74,5,1838,413,700,239,160,9,17,30,48,291,212,690,683,504,208,186,0.529,0.592,1043
163,2018,"SG",76,76,2293,374,748,182,121,183,386,17,38,133,181,291,362,239,110,52,0.474,0.528,1041
57,2018,"PF",81,81,2489,443,841,194,123,51,146,36,123,135,204,523,695,331,87,192,0.349,0.564,1024
374,2018,"C",81,81,2322,355,786,189,82,187,512,179,51,133,98,396,274,363,112,33,0.365,0.613,1009
105,2018,"SG",64,64,1832,378,748,102,91,104,244,13,46,152,205,288,504,223,141,65,0.426,0.544,1001
6,2018,"PF",82,82,2568,359,802,180,193,189,483,20,98,123,469,330,319,295,87,35,0.391,0.533,994
375,2018,"SF",76,75,2444,360,844,195,114,130,374,11,60,181,195,357,470,312,141,45,0.348,0.489,991
69,2018,"SG",70,17,1947,361,863,142,117,134,372,15,72,162,267,243,491,203,134,40,0.36,0.462,990
103,2018,"C",74,74,2119,380,780,195,100,76,196,199,60,201,115,531,584,430,148,101,0.388,0.521,984
52,2018,"PF",52,51,1682,342,795,122,85,120,332,33,37,195,75,470,463,396,170,74,0.361,0.479,974
216,2018,"SG",82,81,2293,361,791,159,80,176,413,4,45,78,175,239,378,221,69,18,0.426,0.489,967
128,2018,"C",81,81,2213,412,741,227,84,1,2,51,96,254,194,678,739,497,140,181,0.5,0.556,965
313,2018,"SG",74,25,1913,368,792,186,99,95,276,32,69,202,100,313,516,248,133,65,0.344,0.529,964
0,2018,"PF",75,57,2158,338,914,175,114,125,364,24,43,226,82,335,550,274,162,61,0.343,0.387,963
114,2018,"SF",80,11,2166,318,797,170,85,173,522,31,64,197,133,384,275,324,142,60,0.331,0.527,951
251,2018,"SF",52,52,1760,362,729,149,129,31,94,31,28,289,154,267,635,226,195,41,0.33,0.521,950
269,2018,"PG",81,81,2269,318,677,115,128,131,311,4,52,209,426,203,366,162,181,41,0.421,0.511,948
213,2018,"PF",69,51,1842,376,746,159,114,74,184,34,54,147,182,470,562,407,120,63,0.402,0.537,946
8,2018,"PF",77,44,2097,326,687,160,101,111,320,39,43,206,137,309,367,252,183,57,0.347,0.586,946
204,2018,"SG",82,23,2035,325,756,137,65,151,435,13,73,158,110,238,321,190,137,48,0.347,0.542,938
138,2018,"PF",64,17,1724,369,749,145,151,61,195,30,46,184,152,421,554,342,131,79,0.313,0.556,930
452,2018,"PG",65,65,2213,304,739,166,182,157,453,31,91,194,564,312,286,271,161,41,0.347,0.514,926
15,2018,"C",68,68,1973,387,723,126,102,73,203,86,59,95,283,458,520,338,78,120,0.36,0.604,925
474,2018,"PF",62,4,1567,356,706,120,98,30,96,59,33,262,62,471,610,309,181,162,0.313,0.534,923
350,2018,"SG",81,18,1879,349,737,116,55,163,405,10,55,66,97,200,332,165,56,35,0.402,0.56,917
231,2018,"PG",51,13,1392,363,753,57,82,54,146,12,31,160,220,140,607,107,137,33,0.37,0.509,917
0,2018,"C",67,31,1640,375,683,167,118,10,34,26,32,197,116,659,649,402,155,257,0.294,0.562,915
509,2018,"SG",79,29,1988,347,841,209,173,73,225,56,74,213,183,347,616,281,143,66,0.324,0.445,910
242,2018,"PG",58,58,1857,302,720,146,152,127,355,18,114,203,473,265,365,229,175,36,0.358,0.479,906
260,2018,"C",76,70,1766,363,619,163,84,17,78,106,56,228,89,560,541,353,154,207,0.218,0.64,897
202,2018,"C",75,62,1671,400,641,208,108,1,12,148,47,152,52,566,629,371,96,195,0.083,0.634,897
241,2018,"PG",82,73,2174,341,716,175,141,51,139,45,96,195,270,232,577,175,156,57,0.367,0.503,889
360,2018,"C",72,53,1674,388,680,192,97,2,16,136,46,243,56,817,664,560,109,257,0.125,0.581,887
342,2018,"PF",70,65,1895,322,665,183,95,58,159,54,83,249,141,505,506,352,181,153,0.365,0.522,883
165,2018,"C",80,80,2096,335,568,184,103,6,45,120,43,278,110,672,523,481,197,191,0.133,0.629,873
10,2018,"PG",59,42,1607,330,740,103,140,69,210,19,43,186,228,196,530,163,144,33,0.329,0.492,873
81,2018,"PG",68,67,1899,295,730,180,180,79,254,10,91,228,416,243,476,210,195,33,0.311,0.454,864
71,2018,"SF",69,69,2349,294,736,130,106,145,434,21,91,164,252,371,302,321,130,50,0.334,0.493,863
78,2018,"PF",81,41,2023,304,696,182,97,118,323,9,45,150,127,457,373,331,132,126,0.365,0.499,858
106,2018,"SG",82,77,2607,300,777,164,104,162,465,36,121,106,146,323,312,277,95,46,0.348,0.442,857
143,2018,"C",77,31,1544,320,648,200,97,74,204,69,27,216,86,424,444,266,140,158,0.363,0.554,854
834,2018,"PG",76,76,2143,308,659,138,125,79,194,9,110,190,459,232,465,196,158,36,0.407,0.492,853
348,2018,"PG",82,6,1970,346,702,102,52,94,227,4,73,81,297,194,475,159,65,35,0.414,0.531,851
41,2018,"SF-SG",69,68,2091,279,698,160,91,150,403,17,54,163,160,170,295,138,132,32,0.372,0.437,840
156,2018,"SF",66,52,1959,324,749,177,142,96,256,19,72,137,282,355,493,292,86,63,0.375,0.462,830
221,2018,"SG",79,1,1815,285,690,121,72,147,395,8,35,124,132,198,295,182,112,16,0.372,0.468,829
448,2018,"PF",72,18,1863,296,635,104,105,77,231,23,62,187,244,322,404,271,156,51,0.333,0.542,825
203,2018,"SG",80,80,2216,293,630,171,75,198,435,53,73,44,126,317,195,257,37,60,0.455,0.487,821
189,2018,"C",77,22,1662,290,486,201,67,39,127,50,44,254,112,411,359,271,196,140,0.307,0.699,815
218,2018,"PG",82,1,1908,282,663,129,93,159,404,10,49,103,245,182,259,158,88,24,0.394,0.475,811
358,2018,"SG",72,49,1893,292,671,146,55,84,236,12,59,155,126,157,435,132,137,25,0.356,0.478,805
115,2018,"PF",58,56,1515,298,589,220,98,51,142,82,52,197,64,272,447,199,151,73,0.359,0.553,798
159,2018,"PF",79,36,1812,261,564,183,114,113,319,37,53,185,140,375,245,303,152,72,0.354,0.604,787
456,2018,"SF",56,43,1683,299,643,108,65,104,256,31,82,96,120,314,387,260,78,54,0.406,0.504,780
366,2018,"SG",67,35,1643,278,691,170,121,96,300,42,89,175,152,261,391,224,127,37,0.32,0.465,779
33,2018,"SG",73,40,2004,290,698,135,71,126,342,10,58,98,135,262,356,228,73,34,0.368,0.461,779
101,2018,"SF",43,36,1360,297,611,119,52,77,180,29,51,124,64,174,431,143,101,31,0.428,0.51,772
124,2018,"C",49,27,1091,301,538,146,90,14,48,53,19,185,70,419,490,313,147,106,0.292,0.586,763
388,2018,"PF",81,81,2292,257,593,143,72,96,280,33,68,173,104,610,313,498,150,112,0.343,0.514,760
290,2018,"C",72,53,1496,309,502,126,60,33,99,67,25,137,92,454,403,341,107,113,0.333,0.685,758
169,2018,"C",69,69,2047,286,446,167,153,0,0,73,42,264,156,902,446,677,186,225,0,0.641,758
96,2018,"PF",75,75,2133,275,652,156,47,140,382,61,71,86,92,407,270,331,66,76,0.366,0.5,756
28,2018,"PF",70,57,1686,304,537,186,73,11,34,39,53,177,84,458,503,286,134,172,0.324,0.583,753
223,2018,"PF",67,8,1703,227,575,114,73,106,310,10,31,242,85,349,265,281,184,68,0.342,0.457,744
164,2018,"SF",55,47,1552,262,594,141,100,123,315,19,53,116,118,199,279,177,95,22,0.39,0.498,742
65,2018,"PF",77,70,1788,284,593,197,82,103,257,56,54,92,147,444,336,319,70,125,0.401,0.539,741
344,2018,"SG",57,48,1639,270,637,113,68,82,242,19,55,144,127,160,395,119,115,41,0.339,0.476,737
151,2018,"C",82,28,1913,280,486,203,121,3,15,65,71,226,184,597,471,432,166,165,0.2,0.588,729
439,2018,"SG",75,59,2048,275,657,155,109,136,353,25,65,56,214,245,304,185,41,60,0.385,0.457,727
445,2018,"SG",79,27,1802,240,557,155,45,167,396,10,37,93,117,134,161,113,75,21,0.422,0.453,722
30,2018,"PG",53,50,1508,278,650,129,154,67,208,20,67,156,252,155,442,123,99,32,0.322,0.477,722
263,2018,"PF",75,64,1996,262,611,143,75,86,266,98,59,135,80,411,345,312,110,99,0.323,0.51,720
503,2018,"SG",63,60,1879,245,594,109,65,148,393,12,40,85,129,173,201,151,73,22,0.377,0.483,711
34,2018,"PF",50,28,1299,279,628,145,74,75,191,20,35,97,72,403,437,294,77,109,0.393,0.467,710
55,2018,"PG",80,54,2164,257,530,172,120,64,162,13,82,160,399,279,368,197,131,82,0.395,0.524,709
93,2018,"PG",79,14,1791,258,666,101,68,119,337,21,68,93,231,307,329,275,73,32,0.353,0.422,708
316,2018,"SG",80,60,2200,239,567,201,123,126,346,28,143,129,321,234,221,177,104,57,0.364,0.511,708
636,2018,"PG",74,4,1436,238,541,144,124,55,187,13,47,210,231,179,354,157,176,22,0.294,0.517,707
835,2018,"SG",69,18,1402,257,660,117,118,77,216,18,58,160,166,201,444,168,115,33,0.356,0.405,706
40,2018,"C",74,36,1606,304,535,124,96,7,31,78,11,123,89,286,504,146,89,140,0.226,0.589,704
279,2018,"PG",64,28,1760,246,600,110,82,112,296,20,57,115,307,167,304,146,97,21,0.378,0.441,701
94,2018,"SF",75,72,2354,253,562,140,117,116,298,43,71,89,247,390,264,319,77,71,0.389,0.519,699
667,2018,"PF",46,25,1245,238,542,107,48,116,318,34,31,124,55,339,224,279,105,60,0.365,0.545,697
35,2018,"SG",64,3,1459,232,518,117,116,52,132,14,28,223,119,197,386,166,179,31,0.394,0.466,695
72,2018,"C",64,52,1609,259,526,214,84,83,217,71,69,113,90,480,309,375,92,105,0.382,0.57,693
140,2018,"SG",82,15,1931,275,616,190,142,50,173,41,105,136,202,358,443,304,87,54,0.289,0.508,687
82,2018,"SF",82,56,2417,242,563,201,70,105,313,38,129,118,173,264,250,208,95,56,0.335,0.548,684
195,2018,"PG",73,38,1591,264,565,127,88,63,181,4,37,120,230,169,384,144,87,25,0.348,0.523,678
489,2018,"SG",73,0,1473,231,578,126,55,156,441,27,33,68,40,182,137,152,57,30,0.354,0.547,675
573,2018,"SG",36,36,1147,249,588,72,82,74,216,11,60,141,186,202,372,181,103,21,0.343,0.47,675
230,2018,"SG",80,4,1745,228,587,135,24,135,380,8,37,96,85,171,207,122,81,49,0.355,0.449,672
607,2018,"PG",32,32,1104,245,552,71,121,51,169,29,49,175,279,116,383,101,122,15,0.302,0.507,663
215,2018,"PG",67,55,1728,260,543,145,97,48,142,47,67,123,263,247,401,212,95,35,0.338,0.529,663
97,2018,"SG",73,0,1258,227,586,106,86,109,330,19,37,102,117,137,256,121,90,16,0.33,0.461,653
192,2018,"PG",75,13,1699,242,558,103,77,50,168,30,88,150,248,266,390,198,119,68,0.298,0.492,653
349,2018,"C",82,17,1731,262,442,252,126,2,10,76,66,198,243,524,432,359,111,165,0.2,0.602,637
257,2018,"SG",53,36,1463,256,532,112,59,76,176,8,40,59,102,127,356,92,45,35,0.432,0.506,633
354,2018,"PG",58,8,1125,236,548,58,49,56,159,7,33,124,159,99,389,71,103,28,0.352,0.463,631
380,2018,"C",67,30,1795,249,479,192,97,33,98,40,100,134,214,552,381,384,96,168,0.337,0.567,627
438,2018,"SG",63,63,1905,248,608,167,89,86,245,16,41,50,152,175,363,132,43,43,0.351,0.446,625
87,2018,"PG",57,22,1529,217,526,97,77,90,260,27,54,127,166,173,266,139,95,34,0.346,0.477,619
335,2018,"SG",76,15,2028,232,572,207,68,104,327,23,47,95,167,162,245,137,50,25,0.318,0.522,618
228,2018,"SG",63,10,1437,228,520,92,57,106,269,10,26,61,114,183,251,171,51,12,0.394,0.486,613
307,2018,"PF",65,6,1371,230,476,193,87,71,176,34,45,101,50,409,300,305,80,104,0.403,0.53,611
187,2018,"SF",81,26,1985,228,528,186,74,79,254,36,69,103,95,389,274,251,73,138,0.311,0.544,608
293,2018,"PF",76,12,1632,204,453,133,43,145,338,33,35,60,100,264,115,241,53,23,0.429,0.513,606
330,2018,"PF",82,82,2802,207,523,252,63,146,387,39,132,59,96,479,136,358,41,121,0.377,0.449,601
48,2018,"SG-PF",70,0,1334,201,483,106,59,138,348,12,25,73,81,162,135,153,60,9,0.397,0.467,600
89,2018,"SF",80,25,1696,237,511,111,50,65,200,49,55,77,95,323,311,256,58,67,0.325,0.553,597
304,2018,"PG",78,49,2137,194,477,265,85,112,282,43,67,123,300,388,195,312,96,76,0.397,0.421,596
166,2018,"SG",75,55,2040,208,493,204,70,90,264,30,76,107,106,216,229,188,80,28,0.341,0.515,586
196,2018,"SF",81,14,1614,217,485,99,29,87,245,14,32,79,96,212,240,168,62,44,0.355,0.542,583
193,2018,"SG",74,2,1399,212,465,97,61,113,251,12,36,52,66,120,214,93,44,27,0.45,0.463,581
66,2018,"C",70,4,1184,222,365,194,52,0,0,79,42,175,60,331,365,216,128,115,0,0.608,572
186,2018,"PF",68,57,1722,207,440,174,88,46,137,51,46,156,129,528,303,415,111,113,0.336,0.531,571
180,2018,"SG",74,52,1757,196,508,166,63,60,215,33,88,162,91,218,293,177,118,41,0.279,0.464,570
501,2018,"SF",69,15,1757,189,484,165,59,133,364,23,40,71,146,128,120,114,56,14,0.365,0.467,567
109,2018,"SF",77,1,1340,207,422,104,42,84,206,8,18,79,67,109,216,92,66,17,0.408,0.569,564
142,2018,"PF",76,9,1330,196,468,141,48,123,316,27,44,66,87,194,152,163,47,31,0.389,0.48,562
130,2018,"SG",64,24,1375,192,474,91,65,61,168,21,39,141,128,235,306,205,116,30,0.363,0.428,561
447,2018,"SF",40,25,1063,207,483,77,69,48,154,14,42,123,156,151,329,116,85,35,0.312,0.483,547
232,2018,"PF",58,16,1270,204,484,175,54,68,203,22,36,92,79,265,281,204,71,61,0.335,0.484,547
219,2018,"PF",64,2,1120,207,495,93,68,51,200,23,30,116,87,246,295,202,81,44,0.255,0.529,546
31,2018,"SG",53,38,1297,184,457,92,40,138,372,6,54,49,72,107,85,93,39,14,0.371,0.541,545
58,2018,"PG",81,32,1961,187,418,171,63,81,217,4,65,102,269,219,201,192,89,27,0.373,0.527,544
424,2018,"SF",71,33,1327,216,424,116,46,59,181,30,31,71,53,217,243,161,50,56,0.326,0.646,541
68,2018,"PG",82,9,2063,226,548,131,80,55,171,22,94,43,321,279,377,240,30,39,0.322,0.454,537
402,2018,"SF",63,46,1294,202,449,146,77,58,184,25,41,92,52,246,265,190,72,56,0.315,0.543,534
888,2018,"PG",56,0,1003,213,463,53,75,13,51,7,21,124,207,83,412,69,91,14,0.255,0.485,530
181,2018,"PG",56,2,983,169,435,67,66,76,228,16,41,138,143,100,207,82,115,18,0.333,0.449,529
281,2018,"SF",59,21,1234,200,487,107,68,9,49,27,44,183,96,310,438,227,118,83,0.184,0.436,527
455,2018,"SG",44,28,1138,198,478,72,64,109,289,9,29,44,121,116,189,109,22,7,0.377,0.471,527
256,2018,"SG",67,22,1715,189,464,147,58,92,274,40,64,80,93,248,190,213,55,35,0.336,0.511,525
302,2018,"C",59,37,1040,212,379,137,70,0,0,51,14,126,63,362,379,247,101,115,0,0.559,525
51,2018,"PG",46,44,1389,215,506,166,104,34,96,21,68,69,277,187,410,168,55,19,0.354,0.441,519
278,2018,"SG",60,3,1126,193,400,96,65,68,170,13,39,75,91,139,230,123,62,16,0.4,0.543,516
902,2018,"SG",75,13,1439,196,483,131,79,55,174,13,33,92,109,180,309,143,67,37,0.316,0.456,514
238,2018,"SG",74,74,1931,185,431,231,47,106,290,16,40,51,72,141,141,108,37,33,0.366,0.56,513
459,2018,"C",77,0,1356,189,400,174,77,40,121,66,25,126,71,324,279,215,94,109,0.331,0.534,512
368,2018,"SF",58,24,1206,191,464,110,88,42,152,8,57,114,88,239,312,211,87,28,0.276,0.478,511
179,2018,"PG",42,41,1264,176,416,90,97,35,105,18,43,153,343,106,311,90,123,16,0.333,0.453,510
211,2018,"PG",74,10,1059,204,439,92,50,81,200,3,20,26,116,157,239,135,20,22,0.405,0.515,509
1008,2018,"SG",64,0,1211,174,438,75,99,67,202,12,33,110,229,85,236,77,93,8,0.332,0.453,508
372,2018,"SG",66,45,1550,186,461,115,64,79,225,12,36,72,112,238,236,178,52,60,0.351,0.453,503
294,2018,"PG",56,0,1251,205,489,109,61,44,135,11,28,62,203,145,354,122,47,23,0.326,0.455,501
127,2018,"C",80,24,1481,217,347,211,51,1,10,53,46,105,123,417,337,223,65,194,0.1,0.641,500
95,2018,"C",49,47,1243,190,345,164,62,6,22,41,38,141,102,333,323,223,111,110,0.273,0.57,497
261,2018,"PG",61,16,1169,194,447,92,48,53,169,2,25,73,69,134,278,109,54,25,0.314,0.507,495
341,2018,"SF",43,38,1189,185,460,82,65,67,196,22,18,74,124,199,264,167,57,32,0.342,0.447,494
155,2018,"PG",36,22,991,179,433,81,71,57,164,5,30,101,174,111,269,91,79,20,0.348,0.454,494
145,2018,"PG",73,2,1605,204,443,110,114,11,52,18,33,106,283,328,391,291,75,37,0.212,0.494,494
1044,2018,"SG",68,3,1123,184,432,111,86,73,197,7,41,73,140,215,235,183,50,32,0.371,0.472,491
458,2018,"C",30,30,771,178,371,109,72,26,95,44,40,144,107,247,276,204,106,43,0.274,0.551,488
136,2018,"PF",66,66,2065,188,422,197,169,47,165,70,95,91,454,481,257,421,63,60,0.285,0.549,486
183,2018,"C",76,2,1031,189,377,134,57,19,56,41,48,106,72,311,321,230,88,81,0.339,0.53,485
194,2018,"PF",71,18,1502,175,386,143,54,77,218,78,36,74,70,329,168,239,58,90,0.353,0.583,485
32,2018,"C",66,19,1360,202,291,217,35,0,0,161,52,135,37,423,291,246,81,177,0,0.694,485
252,2018,"C",59,24,935,212,362,96,52,1,5,40,15,89,40,278,357,196,59,82,0.2,0.591,484
108,2018,"PG",76,3,1470,220,419,105,91,14,42,17,79,37,258,174,377,146,29,28,0.333,0.546,483
61,2018,"SG",73,11,1430,184,426,124,60,24,89,30,89,123,139,222,337,189,82,33,0.27,0.475,474
7,2018,"C",81,1,1446,186,302,226,64,0,2,33,35,162,61,694,300,478,100,216,0,0.62,472
377,2018,"C",43,40,1198,201,380,89,59,0,0,16,28,106,86,438,380,265,68,173,0,0.529,470
275,2018,"SF",67,6,1352,183,404,140,55,67,202,22,46,62,47,197,202,139,36,58,0.332,0.574,469
117,2018,"PG",68,23,1560,185,446,78,47,40,126,5,81,69,327,134,320,111,58,23,0.317,0.453,468
254,2018,"PG",47,45,1423,185,456,114,103,75,228,19,69,48,255,251,228,197,20,54,0.329,0.482,465
175,2018,"SF",35,35,1203,156,362,126,47,85,225,47,74,89,46,193,137,165,68,28,0.378,0.518,465
170,2018,"SG",62,41,1481,167,446,127,50,95,273,24,59,45,112,183,173,156,36,27,0.348,0.416,465
301,2018,"SF",60,53,1415,189,388,163,45,33,120,53,67,73,74,269,268,192,49,77,0.275,0.582,460
650,2018,"PF",73,6,1218,163,355,137,43,69,188,18,27,80,96,288,167,216,64,72,0.367,0.563,459
20,2018,"PF",79,3,1395,168,420,156,44,101,252,13,26,33,66,276,168,233,22,43,0.401,0.399,459
385,2018,"C",59,25,1082,183,331,113,61,0,0,22,13,132,53,320,331,212,93,108,0,0.553,459
46,2018,"PG",60,13,1302,170,376,102,51,48,153,8,52,85,135,148,223,109,70,39,0.314,0.547,458
53,2018,"C",44,44,1110,180,371,152,65,6,32,58,26,112,78,307,339,220,89,87,0.188,0.513,455
431,2018,"SF",66,7,1208,171,440,114,81,62,215,14,60,64,88,217,225,183,50,34,0.288,0.484,454
44,2018,"PF",67,7,1231,167,381,172,48,58,160,20,32,74,52,302,221,208,61,94,0.363,0.493,453
249,2018,"PF",64,10,1306,145,361,130,48,89,256,38,22,85,76,244,105,187,70,57,0.348,0.533,449
465,2018,"PG",42,42,1250,179,412,81,112,33,105,17,44,74,320,220,307,171,55,49,0.314,0.476,446
225,2018,"SF",74,12,1304,163,361,90,23,81,204,18,26,42,68,157,157,128,37,29,0.397,0.522,444
351,2018,"SF",75,37,1503,160,362,175,44,61,188,46,37,70,72,263,174,174,49,89,0.324,0.569,430
887,2018,"PG",57,3,1246,163,403,84,66,46,130,4,47,84,183,104,273,86,58,18,0.354,0.429,430
934,2018,"PG",68,2,1071,132,347,133,56,62,200,16,35,134,122,112,147,100,102,12,0.31,0.476,428
162,2018,"PF",55,33,1164,164,379,114,74,50,149,27,35,70,135,176,230,154,50,22,0.336,0.496,428
100,2018,"PF",64,3,1179,158,332,156,43,16,47,39,32,123,61,246,285,158,95,88,0.34,0.498,427
1,2018,"SF",82,16,1671,163,343,172,70,68,176,24,54,42,124,285,167,263,32,22,0.386,0.569,426
207,2018,"PG",46,29,1369,175,432,100,127,51,142,7,57,36,367,243,290,209,23,34,0.359,0.428,424
214,2018,"C",77,24,1273,187,290,124,48,0,0,68,29,92,93,410,290,232,49,178,0,0.645,423
160,2018,"SF",60,14,1153,160,324,123,43,28,91,42,46,122,37,240,233,144,74,96,0.308,0.567,422
197,2018,"C",58,12,681,160,260,90,59,4,10,27,16,131,54,265,250,178,98,87,0.4,0.624,422
45,2018,"SG",61,2,1261,163,350,81,33,66,200,25,33,40,122,258,150,197,29,61,0.33,0.647,421
99,2018,"C",58,3,812,153,295,98,58,15,39,20,16,144,60,311,256,194,100,117,0.385,0.539,421
73,2018,"PG",71,3,1067,153,352,64,40,54,149,4,36,67,137,109,203,96,60,13,0.362,0.488,420
910,2018,"SG",57,3,829,166,396,41,35,36,91,9,12,76,42,106,305,99,50,7,0.396,0.426,418
198,2018,"PG",38,0,752,161,385,50,72,38,128,1,22,78,211,95,257,82,55,13,0.297,0.479,415
328,2018,"SG",43,20,1133,137,373,102,46,98,259,13,23,56,46,148,114,132,41,16,0.378,0.342,413
0,2018,"PF",58,0,820,175,348,150,73,0,6,22,31,91,85,222,342,156,58,66,0,0.512,408
347,2018,"PF",70,25,1358,138,314,94,37,66,181,24,27,86,55,265,133,201,66,64,0.365,0.541,408
79,2018,"C",47,0,755,138,298,68,41,50,139,12,12,107,63,163,159,124,79,39,0.36,0.553,405
992,2018,"SG",60,6,973,151,383,95,58,66,202,8,22,37,94,89,181,76,33,13,0.327,0.47,401
1040,2018,"SG",68,0,1015,136,338,50,51,70,188,7,21,64,81,127,150,109,57,18,0.372,0.44,399
19,2018,"SF",58,27,1230,138,294,150,34,55,156,23,41,81,41,182,138,122,58,60,0.353,0.601,389
508,2018,"SF",68,13,1578,151,302,95,52,48,144,51,61,67,216,252,158,204,39,48,0.333,0.652,389
371,2018,"PF",64,1,896,168,271,113,49,1,4,33,29,67,33,332,267,257,50,75,0.25,0.625,387
719,2018,"C",37,13,728,156,265,82,33,8,25,23,17,99,20,250,240,153,64,97,0.32,0.617,384
243,2018,"C",77,2,1055,162,276,166,48,0,0,96,66,79,45,325,276,198,54,127,0,0.587,378
376,2018,"PF",22,21,598,109,283,54,42,53,147,5,6,114,48,239,136,206,103,33,0.361,0.412,374
315,2018,"C",66,2,908,146,266,161,33,26,67,42,21,76,68,225,199,138,56,87,0.388,0.603,374
932,2018,"PF",51,20,795,135,376,76,18,64,205,18,9,50,35,158,171,153,39,5,0.312,0.415,373
395,2018,"SG",58,7,1034,145,312,88,46,53,147,8,25,42,84,184,165,155,29,29,0.361,0.558,372
397,2018,"SF",39,13,979,118,252,80,35,74,178,11,21,71,40,140,74,115,56,25,0.416,0.595,366
708,2018,"SG-SF",56,9,1064,133,350,89,68,28,104,15,29,97,128,126,246,99,72,27,0.269,0.427,366
152,2018,"C",61,2,878,132,242,105,43,50,111,9,13,51,75,233,131,184,43,49,0.45,0.626,357
122,2018,"SF",43,40,1281,150,276,112,58,9,34,37,54,64,128,251,242,203,37,48,0.265,0.583,346
268,2018,"SF",68,13,1233,113,274,123,44,29,79,22,28,103,73,184,195,147,84,37,0.367,0.431,339
0,2018,"SF",53,1,856,112,311,79,30,67,203,15,26,58,36,95,108,82,48,13,0.33,0.417,339
383,2018,"SF",72,5,1003,134,275,134,30,42,118,15,18,48,31,247,157,166,27,81,0.356,0.586,337
171,2018,"SF",51,14,984,126,262,106,29,24,75,17,36,85,54,163,187,122,58,41,0.32,0.545,334
370,2018,"PF",65,0,1079,99,259,91,36,81,215,21,17,60,46,177,44,162,47,15,0.377,0.409,326
235,2018,"C-PF",64,5,972,109,268,105,33,49,153,51,21,84,45,202,115,161,56,41,0.32,0.522,323
62,2018,"PF",46,18,784,107,283,41,25,70,193,42,27,46,54,135,90,107,38,28,0.363,0.411,322
229,2018,"SG",74,56,1449,125,314,178,46,24,93,36,40,60,91,185,221,137,45,48,0.258,0.457,319
208,2018,"SG",51,1,760,113,275,79,27,74,194,5,26,23,26,73,81,60,18,13,0.381,0.481,318
98,2018,"SG",43,13,759,122,257,72,18,38,87,5,12,46,47,89,170,81,34,8,0.437,0.494,316
236,2018,"PG",59,19,1120,116,261,112,76,37,101,5,30,54,248,168,160,127,41,41,0.366,0.494,310
461,2018,"PF-SF",51,33,1177,114,273,123,46,59,158,21,25,25,82,215,115,167,18,48,0.373,0.478,305
88,2018,"PG",53,16,958,114,290,109,69,39,132,7,32,47,127,98,158,86,37,12,0.295,0.475,304
927,2018,"C",42,1,693,110,213,96,50,0,1,31,20,109,89,238,212,180,78,58,0,0.519,298
920,2018,"SG",48,11,698,107,264,53,27,44,132,2,14,61,56,113,132,86,38,27,0.333,0.477,296
107,2018,"PG",50,0,646,105,262,71,40,43,127,13,21,50,87,67,135,62,41,5,0.339,0.459,294
270,2018,"C",47,1,766,117,243,102,43,21,70,64,13,63,39,233,173,169,37,64,0.3,0.555,292
9,2018,"PG",42,1,664,101,241,69,52,18,62,5,14,86,110,68,179,52,68,16,0.29,0.464,288
1025,2018,"PF",47,5,788,120,256,47,24,19,62,7,38,46,46,148,194,95,28,53,0.306,0.521,287
210,2018,"PF",59,25,1220,101,239,131,43,53,151,16,36,46,83,155,88,121,32,34,0.351,0.545,287
86,2018,"C",51,18,821,105,223,125,40,21,61,34,12,62,57,240,162,152,53,88,0.344,0.519,284
511,2018,"PF",49,13,721,116,212,90,35,3,15,14,17,69,54,206,197,136,49,70,0.2,0.574,284
120,2018,"PF",34,19,800,96,225,81,38,48,130,33,14,50,50,158,95,116,42,42,0.369,0.505,282
384,2018,"PG",48,0,812,98,242,75,68,44,130,2,14,52,181,77,112,71,42,6,0.338,0.482,282
47,2018,"PF",48,3,882,104,251,85,32,46,127,20,18,47,52,222,124,177,26,45,0.362,0.468,280
17,2018,"SG",48,7,679,98,245,62,25,47,144,2,29,44,52,107,101,91,36,16,0.326,0.505,279
262,2018,"SF",46,29,1079,107,279,95,36,52,156,19,45,19,83,219,123,164,13,55,0.333,0.447,279
134,2018,"PF",46,11,805,98,244,67,31,44,128,25,26,45,47,194,116,122,32,72,0.344,0.466,272
1024,2018,"PG",49,2,743,91,217,91,43,46,115,3,25,62,97,56,102,46,43,10,0.4,0.441,271
828,2018,"C",68,3,878,85,193,151,57,0,4,17,31,124,91,265,189,166,97,99,0,0.45,267
386,2018,"PG",39,26,736,99,260,62,30,41,129,2,21,34,71,59,131,49,27,10,0.318,0.443,266
649,2018,"PG",64,0,967,109,210,74,38,0,2,27,31,51,114,117,208,75,40,42,0,0.524,258
790,2018,"PG",60,1,939,92,220,78,51,40,110,6,44,40,156,98,110,79,26,19,0.364,0.473,250
118,2018,"PG",50,31,984,100,256,113,75,29,95,23,68,28,159,134,161,109,21,25,0.305,0.441,250
482,2018,"PG",40,13,712,96,223,64,45,25,84,9,28,41,106,72,139,59,33,13,0.298,0.511,250
288,2018,"SF",52,10,730,97,234,56,30,22,69,5,21,47,80,145,165,110,32,35,0.319,0.455,248
326,2018,"PG",43,16,904,95,282,104,56,33,115,14,30,30,121,87,167,75,23,12,0.287,0.371,246
245,2018,"SF",61,1,694,91,215,68,26,32,100,12,20,36,20,116,115,102,27,14,0.32,0.513,241
265,2018,"C",50,1,643,91,151,72,20,0,1,29,18,83,38,190,150,111,58,79,0,0.607,240
542,2018,"C",60,0,746,95,179,69,33,0,4,7,11,73,37,218,175,139,50,79,0,0.543,240
91,2018,"C",54,32,783,89,156,103,34,0,0,41,11,91,33,247,156,166,58,81,0,0.571,236
11,2018,"PF",59,0,516,86,181,57,23,43,105,6,10,24,35,87,76,76,20,11,0.41,0.566,235
1141,2018,"C",47,43,751,99,186,92,50,0,0,24,6,48,65,261,186,194,35,67,0,0.532,233
390,2018,"SF",50,7,669,82,218,73,21,36,116,8,19,41,26,97,102,86,31,11,0.31,0.451,231
49,2018,"PF",46,27,826,88,197,90,37,22,101,22,18,54,56,183,96,149,32,34,0.218,0.688,230
702,2018,"C",43,2,480,92,189,66,32,1,5,8,14,72,24,172,184,105,45,67,0.2,0.495,230
206,2018,"PG",25,4,531,77,173,54,42,24,50,9,24,64,77,67,123,47,51,20,0.48,0.431,229
391,2018,"SF",44,14,895,96,209,59,25,14,50,6,23,38,34,185,159,154,23,31,0.28,0.516,229
310,2018,"PF",63,5,861,82,219,46,22,46,137,13,16,30,31,147,82,105,19,42,0.336,0.439,229
1191,2018,"SF",36,0,520,86,161,35,23,15,43,9,20,58,26,115,118,98,39,17,0.349,0.602,226
0,2018,"PF",58,1,522,99,183,35,12,8,31,19,9,31,24,125,152,82,19,43,0.258,0.599,225
184,2018,"C",68,3,788,99,192,80,42,0,2,51,20,41,76,184,190,129,25,55,0,0.521,223
146,2018,"PG",62,0,628,92,217,83,36,4,19,7,21,57,42,101,198,81,30,20,0.211,0.444,218
92,2018,"PG",46,3,676,74,216,48,30,34,121,2,23,46,121,63,95,53,35,10,0.281,0.421,217
119,2018,"SG",38,2,416,67,178,47,33,32,99,6,6,60,25,23,79,20,45,3,0.323,0.443,211
975,2018,"PG",34,6,657,82,230,56,32,29,98,2,18,28,119,62,132,51,16,11,0.296,0.402,209
399,2018,"PF",44,10,639,80,162,99,36,34,96,39,17,27,40,165,66,118,13,47,0.354,0.697,207
299,2018,"C",43,5,446,71,171,57,39,22,77,13,11,53,24,85,94,68,43,17,0.286,0.521,207
487,2018,"PF",46,17,783,78,197,83,24,22,79,7,17,36,27,117,118,96,27,21,0.278,0.475,205
705,2018,"C",51,6,529,79,157,99,45,12,40,13,16,41,60,147,117,100,31,47,0.3,0.573,201
129,2018,"SF",47,18,610,74,176,45,18,18,62,8,14,40,21,71,114,54,32,17,0.29,0.491,198
21,2018,"PG",37,1,474,74,161,49,35,20,60,4,14,33,93,62,101,56,28,6,0.333,0.535,196
0,2018,"PG",38,0,435,71,169,34,36,14,64,4,16,57,84,43,105,37,39,6,0.219,0.543,195
749,2018,"PF",64,21,928,75,158,71,22,30,65,13,27,18,50,188,93,140,14,48,0.462,0.484,194
113,2018,"SF",44,15,878,68,178,80,31,32,101,10,23,32,55,133,77,99,23,34,0.317,0.468,191
1211,2018,"SG",29,0,387,76,169,33,21,15,54,4,9,33,25,45,115,33,23,12,0.278,0.53,190
414,2018,"SG",51,3,526,75,165,77,23,4,24,10,21,59,17,97,141,59,36,38,0.167,0.504,190
337,2018,"SF",50,2,609,71,149,41,25,34,78,5,43,22,27,123,71,115,14,8,0.436,0.521,190
37,2018,"PG",19,1,416,65,141,46,26,17,36,4,16,54,76,51,105,43,42,8,0.472,0.457,189
149,2018,"SF",25,3,496,68,182,45,32,29,94,5,19,25,43,70,88,66,22,4,0.309,0.443,187
323,2018,"PF",56,3,594,67,158,43,19,28,89,4,10,39,23,86,69,62,24,24,0.315,0.565,186
174,2018,"SG",35,21,715,64,191,68,17,38,128,7,13,22,34,107,63,84,18,23,0.297,0.413,184
132,2018,"PF",43,2,499,67,180,81,36,16,72,11,17,45,22,142,108,102,32,40,0.222,0.472,182
1147,2018,"PF",26,2,277,75,153,42,27,3,17,10,9,39,25,60,136,47,28,13,0.176,0.529,181
1107,2018,"PG",30,16,629,64,164,52,35,34,96,2,14,24,84,58,68,52,19,6,0.354,0.441,181
604,2018,"SF",48,4,463,64,157,48,23,24,77,13,22,35,23,84,80,60,26,24,0.312,0.5,178
331,2018,"C",55,6,875,61,99,110,42,0,1,23,21,87,37,307,98,215,51,92,0,0.622,173
85,2018,"PG",39,3,577,56,185,55,33,34,102,11,26,32,69,66,83,52,26,14,0.333,0.265,172
234,2018,"PF",21,2,251,61,117,17,17,9,26,10,7,56,8,83,91,66,41,17,0.346,0.571,172
416,2018,"SG",42,0,453,57,126,35,16,38,93,4,6,19,22,63,33,55,15,8,0.409,0.576,167
1160,2018,"SG",31,2,588,56,157,53,14,41,127,6,17,13,20,48,30,43,12,5,0.323,0.5,165
295,2018,"SG",27,0,333,61,130,26,15,10,35,7,13,35,30,40,95,34,28,6,0.286,0.537,160
444,2018,"SG",32,0,375,56,127,28,11,27,68,0,13,22,13,64,59,56,19,8,0.397,0.492,158
1112,2018,"SF",22,2,392,59,118,24,14,14,44,8,15,35,18,73,74,53,25,20,0.318,0.608,157
982,2018,"C",24,0,372,65,110,62,16,0,2,7,8,48,13,99,108,51,27,48,0,0.602,157
1052,2018,"C",42,1,502,73,153,68,27,0,0,18,15,24,36,177,153,125,10,52,0,0.477,156
844,2018,"PF",41,1,402,66,113,60,23,1,11,4,12,31,14,97,102,70,23,27,0.091,0.637,156
24,2018,"C",45,3,371,69,136,68,31,1,12,25,9,21,56,119,124,90,17,29,0.083,0.548,156
267,2018,"SG",19,15,427,65,155,52,25,4,14,5,17,37,59,70,141,44,21,26,0.286,0.433,155
182,2018,"SF",30,3,503,60,142,29,14,13,52,14,18,28,17,83,90,67,18,16,0.25,0.522,151
968,2018,"SF",31,3,492,53,123,63,19,14,44,7,32,43,39,76,79,50,31,26,0.318,0.494,151
491,2018,"C",42,2,546,60,116,87,11,0,3,15,18,47,26,123,113,89,31,34,0,0.531,151
336,2018,"PF",51,2,641,50,151,47,7,41,138,26,20,7,18,116,13,92,7,24,0.297,0.692,148
812,2018,"PG",33,0,379,55,135,29,14,20,61,6,10,13,52,34,74,30,12,4,0.328,0.473,142
936,2018,"C",36,4,399,55,112,55,21,11,34,26,10,32,35,131,78,95,20,36,0.324,0.564,141
321,2018,"PG",36,0,343,50,105,34,19,16,39,2,12,28,56,41,66,38,24,3,0.41,0.515,140
298,2018,"C",34,6,498,47,104,84,21,3,16,16,25,61,25,128,88,80,42,48,0.188,0.5,139
1102,2018,"PG",39,0,559,55,138,66,31,11,34,2,11,26,87,74,104,69,15,5,0.324,0.423,136
199,2018,"SG",34,6,428,53,129,32,14,16,55,3,21,21,37,54,74,45,14,9,0.291,0.5,136
116,2018,"SF",18,0,330,49,122,50,19,15,40,4,10,30,16,31,82,22,22,9,0.375,0.415,135
359,2018,"PF",10,2,294,49,121,32,8,21,64,7,4,22,5,54,57,45,15,9,0.328,0.491,134
427,2018,"PG",28,1,372,46,123,48,20,10,38,15,20,53,70,70,85,51,32,19,0.263,0.424,134
233,2018,"SF",42,0,440,46,140,25,21,29,89,1,14,20,37,36,51,27,12,9,0.326,0.333,133
43,2018,"SG",27,0,411,50,124,38,19,22,83,6,13,12,31,65,41,49,9,16,0.265,0.683,131
139,2018,"C",24,22,410,53,74,63,16,0,0,25,12,37,28,75,74,44,24,31,0,0.716,130
1041,2018,"C",36,6,341,43,117,44,13,32,79,5,6,14,20,52,38,48,11,4,0.405,0.289,129
1055,2018,"SF",38,13,534,45,128,63,18,25,76,12,14,19,23,72,52,60,13,12,0.329,0.385,128
896,2018,"SG",26,0,333,42,105,10,9,22,58,2,0,18,22,37,47,31,15,6,0.379,0.426,121
778,2018,"C",51,1,320,50,72,36,13,0,0,31,10,30,28,90,72,63,19,27,0,0.694,119
450,2018,"C",30,6,360,42,94,29,16,6,13,15,5,40,52,137,81,115,28,22,0.462,0.444,118
209,2018,"C",9,9,230,43,69,34,16,0,0,4,7,48,4,83,69,59,29,24,0,0.623,115
578,2018,"PF",42,1,328,43,104,51,11,20,57,8,3,11,18,73,47,62,9,11,0.351,0.489,115
560,2018,"SF",27,4,439,47,106,20,11,10,39,8,7,13,13,98,67,72,10,26,0.256,0.552,114
389,2018,"PF",19,0,259,39,95,27,9,17,38,2,7,25,16,66,57,61,19,5,0.447,0.386,114
826,2018,"PG",49,0,632,45,120,64,35,14,57,3,16,11,115,60,63,49,9,11,0.246,0.492,113
308,2018,"SG",33,0,320,44,110,46,13,18,57,3,11,9,19,41,53,38,6,3,0.316,0.491,112
970,2018,"SF",21,0,312,44,98,37,9,14,44,8,10,15,11,59,54,47,9,12,0.318,0.556,111
602,2018,"PG",34,1,428,38,110,45,28,25,74,5,14,9,65,60,36,49,7,11,0.338,0.361,108
1103,2018,"PF",21,1,305,40,81,47,13,9,23,10,4,29,17,76,58,47,18,29,0.391,0.534,107
469,2018,"PF",22,0,156,39,73,27,16,0,3,3,5,40,11,51,70,33,24,18,0,0.557,102
751,2018,"SF",53,0,292,29,58,24,13,6,18,1,11,42,24,46,40,38,34,8,0.333,0.575,98
292,2018,"SG",12,0,181,34,99,17,18,12,43,1,5,27,23,13,56,8,17,5,0.279,0.393,97
547,2018,"SG",19,0,259,33,78,26,5,21,51,2,6,9,13,31,27,27,8,4,0.412,0.444,95
732,2018,"PF",41,1,251,35,77,32,15,9,28,7,8,22,15,53,49,30,15,23,0.321,0.531,94
283,2018,"PF",28,0,163,34,76,31,7,12,37,24,6,15,2,56,39,40,13,16,0.324,0.564,93
23,2018,"SG",20,0,268,34,87,29,6,14,44,8,8,7,18,35,43,26,5,9,0.318,0.465,87
572,2018,"PG",6,3,167,38,87,14,10,2,5,1,11,11,30,27,82,23,8,4,0.4,0.439,86
247,2018,"SG",32,0,240,33,82,31,9,8,27,8,6,12,9,28,55,24,8,4,0.296,0.455,82
477,2018,"SF",16,0,214,26,62,27,8,10,28,2,9,27,7,34,34,23,19,11,0.357,0.471,81
172,2018,"SG",18,0,211,25,73,15,18,12,46,0,6,22,21,36,27,32,19,4,0.261,0.481,81
0,2018,"C",32,2,283,36,51,36,10,0,0,40,9,15,7,81,51,54,9,27,0,0.706,81
510,2018,"C",18,0,173,32,48,14,10,0,0,4,6,30,17,39,48,23,16,16,0,0.667,80
426,2018,"SF",4,0,127,29,54,8,4,5,14,3,4,21,4,32,40,27,17,5,0.357,0.6,80
467,2018,"C",14,0,188,31,67,16,12,11,31,11,7,10,14,71,36,55,6,16,0.355,0.556,79
329,2018,"SG",19,0,158,25,64,22,5,17,41,3,6,12,4,17,23,14,8,3,0.415,0.348,75
364,2018,"SG",20,1,141,28,63,9,11,10,29,0,1,16,13,13,34,10,9,3,0.345,0.529,75
464,2018,"SG",29,1,397,26,63,38,17,9,28,2,23,15,29,48,35,41,13,7,0.321,0.486,74
0,2018,"SG",11,4,222,27,79,19,11,12,39,3,11,10,21,18,40,18,8,0,0.308,0.375,74
907,2018,"SG",14,2,214,28,60,19,12,11,29,3,8,6,10,16,31,13,4,3,0.379,0.548,71
365,2018,"PF",22,1,176,26,49,29,11,6,13,6,5,17,11,43,36,34,9,9,0.462,0.556,67
436,2018,"PG",23,2,210,22,64,26,10,7,27,5,12,24,10,24,37,15,15,9,0.259,0.405,66
1083,2018,"C-PF",20,1,190,21,59,30,13,9,26,7,3,16,14,52,33,36,14,16,0.346,0.364,65
430,2018,"PF",25,8,322,21,69,25,14,9,40,1,4,16,19,54,29,36,12,18,0.225,0.414,63
580,2018,"SG",64,1,313,17,49,41,20,3,15,7,14,34,18,44,34,39,25,5,0.2,0.412,62
453,2018,"SG",26,0,195,22,69,22,4,10,35,5,7,11,8,20,34,16,7,4,0.286,0.353,61
582,2018,"SG",19,3,204,23,60,19,16,8,23,1,6,6,22,47,37,37,3,10,0.348,0.405,57
1203,2018,"PG",26,0,212,23,71,22,16,6,28,5,12,3,28,31,43,26,3,5,0.214,0.395,55
518,2018,"PG",17,0,187,16,53,34,12,5,25,2,4,18,24,20,28,14,17,6,0.2,0.393,54
493,2018,"PF",14,3,148,25,47,23,9,0,3,8,9,12,5,48,44,33,4,15,0,0.568,54
334,2018,"PF",28,0,221,20,41,56,13,2,6,12,7,14,15,47,35,26,11,21,0.333,0.514,53
638,2018,"SG",8,0,104,21,39,5,2,8,18,1,1,1,8,12,21,11,1,1,0.444,0.619,51
224,2018,"PF",29,0,145,19,58,14,15,0,2,2,6,17,13,36,56,27,13,9,0,0.339,51
153,2018,"SF",15,1,161,18,46,11,4,10,35,0,5,6,5,19,11,17,4,2,0.286,0.727,50
1213,2018,"PG",15,0,150,17,40,27,21,10,27,1,3,7,32,16,13,13,4,3,0.37,0.538,48
483,2018,"SF",7,0,95,19,32,11,2,0,2,6,4,14,6,20,30,14,9,6,0,0.633,47
537,2018,"PF",11,0,67,16,33,9,3,10,20,1,0,5,1,13,13,5,4,8,0.5,0.462,46
528,2018,"C",6,1,93,16,30,20,4,0,1,3,1,18,4,24,29,13,14,11,0,0.552,46
222,2018,"SG",17,0,118,16,46,7,4,5,13,3,7,10,9,17,33,17,8,0,0.385,0.333,45
76,2018,"PF",21,0,178,18,53,28,18,1,7,1,6,9,11,64,46,47,6,17,0.143,0.37,43
220,2018,"PF",23,0,113,15,26,11,8,0,0,5,2,13,7,34,26,28,11,6,0,0.577,41
135,2018,"SG",30,1,204,18,53,28,11,4,15,3,5,1,23,25,38,19,0,6,0.267,0.368,40
355,2018,"SG",6,2,111,14,34,8,6,6,16,2,2,8,10,13,18,10,6,3,0.375,0.444,40
410,2018,"SG",15,1,111,16,50,4,4,5,21,2,1,7,5,11,29,10,3,1,0.238,0.379,40
925,2018,"SF",18,3,254,16,48,16,7,5,24,2,13,4,14,41,24,33,3,8,0.208,0.458,40
645,2018,"C",11,5,134,18,36,22,8,0,0,8,3,3,11,55,36,43,3,12,0,0.5,39
930,2018,"SF",8,2,98,13,39,3,3,5,21,1,5,9,3,30,18,22,8,8,0.238,0.444,39
125,2018,"SF",15,0,174,15,51,11,6,2,16,1,4,10,8,31,35,27,7,4,0.125,0.371,39
488,2018,"SG",15,0,128,17,35,16,5,5,16,0,6,1,12,8,19,7,0,1,0.313,0.632,39
911,2018,"SG",10,1,120,13,39,7,8,3,12,0,1,12,13,26,27,15,8,11,0.25,0.37,37
857,2018,"C",9,0,118,15,22,12,3,0,1,5,3,10,5,36,21,26,6,10,0,0.714,36
1196,2018,"SF",15,0,102,12,34,10,1,8,25,0,1,4,7,5,9,5,4,0,0.32,0.444,36
285,2018,"SF",10,0,67,11,26,5,1,10,21,1,1,4,1,5,5,4,3,1,0.476,0.2,35
996,2018,"SG",12,0,167,12,47,7,2,10,34,0,1,0,10,9,13,7,0,2,0.294,0.154,34
608,2018,"SF",19,3,194,11,36,13,6,6,23,4,1,4,5,19,13,16,4,3,0.261,0.385,32
953,2018,"SG",14,0,111,12,39,16,10,4,17,2,3,6,12,6,22,5,3,1,0.235,0.364,31
0,2018,"PG",16,0,94,10,33,11,14,2,9,2,1,11,12,15,24,13,8,2,0.222,0.333,30
1194,2018,"SG",22,0,103,9,29,13,8,8,25,0,1,5,0,13,4,11,4,2,0.32,0.25,30
974,2018,"PG",12,0,55,8,18,5,2,4,8,0,0,11,6,9,10,8,9,1,0.5,0.4,29
432,2018,"SG",8,0,90,10,27,8,6,5,11,0,1,7,7,12,16,10,4,2,0.455,0.313,29
273,2018,"PF",12,0,68,10,16,8,1,0,0,3,3,8,3,21,16,15,7,6,0,0.625,27
606,2018,"SF",6,2,143,12,33,10,5,2,10,5,7,2,13,49,23,33,1,16,0.2,0.435,27
898,2018,"SG",4,0,63,11,27,3,2,0,8,1,1,4,7,3,19,3,4,0,0,0.579,26
161,2018,"C",10,1,74,11,33,9,3,0,12,0,0,4,2,27,21,24,3,3,0,0.524,25
428,2018,"PF",17,0,69,9,19,8,8,0,1,1,6,10,3,23,18,16,6,7,0,0.5,24
148,2018,"PG",16,0,57,6,23,7,3,2,6,0,0,11,14,3,17,2,9,1,0.333,0.235,23
0,2018,"SF",7,0,49,9,18,4,2,3,7,0,2,2,0,8,11,6,2,2,0.429,0.545,23
590,2018,"PF",25,0,94,9,18,10,4,4,10,0,2,3,6,18,8,11,1,7,0.4,0.625,23
1010,2018,"SG",6,0,65,8,29,5,5,0,13,0,3,6,8,7,16,6,6,1,0,0.5,22
516,2018,"PG",6,0,39,8,15,4,1,2,6,0,2,4,5,3,9,1,4,2,0.333,0.667,22
0,2018,"SF",5,0,48,8,16,3,1,0,2,0,2,7,6,12,14,6,5,6,0,0.571,21
1254,2018,"PF",4,0,61,8,18,8,2,2,6,1,1,5,2,7,12,5,2,2,0.333,0.5,20
296,2018,"PG",22,0,120,5,33,9,6,0,8,4,9,15,15,25,25,16,9,9,0,0.2,19
471,2018,"SG",6,0,51,8,21,2,0,2,8,0,2,2,5,17,13,11,1,6,0.25,0.462,19
168,2018,"SG",9,0,39,9,22,1,4,1,10,0,2,2,2,5,12,4,0,1,0.1,0.667,19
621,2018,"C",11,0,36,7,13,3,1,3,7,0,0,2,5,4,6,4,1,0,0.429,0.667,18
873,2018,"PF",5,0,26,8,13,2,1,0,1,0,1,4,3,19,12,15,2,4,0,0.667,18
1190,2018,"PF",10,0,123,4,18,24,4,2,15,4,1,10,8,25,3,22,7,3,0.133,0.667,17
12,2018,"C",3,0,36,8,16,6,3,0,0,2,2,2,1,15,16,6,1,9,0,0.5,17
0,2018,"SG",1,0,26,6,13,3,0,4,10,0,1,2,3,3,3,2,1,1,0.4,0.667,17
413,2018,"SG",14,0,84,6,20,10,8,2,11,1,1,2,15,6,9,5,2,1,0.182,0.444,16
0,2018,"SG",10,0,44,7,21,6,1,0,6,0,1,4,1,5,15,2,1,3,0,0.467,15
550,2018,"C",5,1,56,6,21,7,0,3,11,0,1,0,0,11,10,7,0,4,0.273,0.3,15
1202,2018,"SG",15,0,152,4,20,18,5,1,13,1,6,6,15,11,7,10,5,1,0.077,0.429,14
111,2018,"PF",14,0,64,4,16,7,0,1,2,3,1,8,1,19,14,15,4,4,0.5,0.214,13
897,2018,"PF",3,0,32,4,8,5,1,0,0,3,1,5,2,7,8,5,4,2,0,0.5,12
495,2018,"SG",10,0,47,5,12,3,1,2,4,0,1,0,3,6,8,4,0,2,0.5,0.375,12
1183,2018,"PG",3,0,16,5,8,2,1,1,2,1,3,0,4,2,6,1,0,1,0.5,0.667,11
525,2018,"PG",4,0,16,4,8,0,0,2,3,0,1,0,4,3,5,2,0,1,0.667,0.4,10
1068,2018,"PG",4,0,19,4,6,2,0,1,1,0,1,1,3,0,5,0,1,0,1,0.6,10
1221,2018,"SG",4,0,29,4,10,1,1,1,3,0,2,2,4,5,7,5,1,0,0.333,0.429,10
1114,2018,"PF",3,0,23,4,7,4,2,0,0,0,3,4,2,7,7,4,2,3,0,0.571,10
959,2018,"PF",11,0,39,3,10,3,1,1,5,0,0,2,1,8,5,5,2,3,0.2,0.4,9
478,2018,"SF",5,0,40,4,10,1,1,1,5,0,1,2,2,5,5,5,0,0,0.2,0.6,9
1218,2018,"SG",4,0,37,3,9,4,2,3,8,1,0,0,2,1,1,1,0,0,0.375,0,9
587,2018,"SG",2,0,26,3,12,1,1,0,5,0,1,2,5,1,7,1,2,0,0,0.429,8
564,2018,"SG",7,0,22,3,10,4,2,0,4,0,2,2,6,4,6,3,1,1,0,0.5,7
566,2018,"PF",5,0,43,3,7,9,5,1,1,1,1,0,4,20,6,16,0,4,1,0.333,7
297,2018,"PG",7,0,33,2,8,2,1,2,5,1,1,0,4,4,3,3,0,1,0.4,0,6
929,2018,"PG",8,0,65,3,14,8,6,0,3,0,3,0,10,12,11,11,0,1,0,0.273,6
583,2018,"SG",2,0,17,3,9,0,0,0,4,0,0,0,2,3,5,3,0,0,0,0.6,6
750,2018,"PF",3,0,13,3,6,6,3,0,0,1,0,2,1,3,6,1,0,2,0,0.5,6
1106,2018,"PG",3,0,6,2,3,0,0,1,1,0,0,0,2,1,2,1,0,0,1,0.5,5
393,2018,"C",3,0,21,2,7,5,0,0,2,0,2,2,3,6,5,4,1,2,0,0.4,5
535,2018,"SG",1,0,8,2,3,2,0,0,1,0,0,1,0,1,2,1,0,0,0,1,4
1049,2018,"C",2,0,15,1,5,2,0,0,0,0,1,2,0,4,5,2,1,2,0,0.2,3
0,2018,"SF",2,0,16,1,4,0,0,1,4,0,0,0,0,2,0,1,0,1,0.25,0,3
538,2018,"SG",1,0,4,1,1,0,0,1,1,0,0,0,0,0,0,0,0,0,1,0,3
466,2018,"PF",2,0,11,0,3,0,1,0,0,0,2,4,0,1,3,1,2,0,0,0,2
611,2018,"PG",1,0,8,1,3,1,0,0,0,0,0,0,1,0,3,0,0,0,0,0.333,2
1097,2018,"PF",2,0,5,1,4,1,1,0,2,0,0,1,0,4,2,4,0,0,0,0.5,2
1186,2018,"PG",1,0,6,0,1,1,0,0,1,0,0,2,1,3,0,3,2,0,0,0,2
577,2018,"PF",2,0,13,1,4,0,0,0,1,0,1,0,0,3,3,2,0,1,0,0.333,2
1252,2018,"PF",1,0,1,1,1,0,0,0,0,0,0,0,0,0,1,0,0,0,0,1,2
0,2018,"SG",1,0,7,1,2,0,1,0,0,0,1,0,0,0,2,0,0,0,0,0.5,2
1236,2018,"C",3,0,6,0,3,0,1,0,0,1,0,0,1,3,3,2,0,1,0,0,0
1238,2018,"C",1,0,1,0,1,0,0,0,0,0,0,0,0,1,1,0,0,1,0,0,0
533,2018,"SF",3,0,2,0,2,0,0,0,2,0,0,0,0,0,0,0,0,0,0,0,0
1256,2018,"SF",1,0,1,0,0,0,0,0,0,0,0,0,0,0,0,0,0,0,0,0,0
1081,2018,"SG",4,0,15,0,6,0,1,0,3,0,1,0,0,2,3,1,0,1,0,0,0
1230,2018,"SF",1,0,6,0,0,0,0,0,0,0,0,0,0,1,0,1,0,0,0,0,0
1229,2018,"SG",1,0,4,0,1,0,1,0,1,0,1,0,0,0,0,0,0,0,0,0,0
557,2018,"PG",1,0,2,0,0,0,0,0,0,0,0,0,0,0,0,0,0,0,0,0,0
592,2018,"PG",1,0,1,0,0,0,0,0,0,0,0,0,0,0,0,0,0,0,0,0,0
1222,2018,"PF",3,0,6,0,2,0,0,0,2,0,0,0,0,2,0,1,0,1,0,0,0
